train_input_1,train_output_1
[0 1],0
[1 0],1
[7 0],1
[0 8],0
[0 -1],0
[-1 0],1
[-7 0],1
[0 -8],0
[0 0 0 0 0 0 0 0 0 0 0 0 0 0 0 0],15
[0 0 0 0 0 0 0 0 0 0 0 0 0 0 0 0 0 0 0 0 0 0 0 0 0],24
[0 0 0 0 0 0 0 0 0 0 0 0 0 0 0 0 0 0 0 0 0 0 0 0 0 0 0 0 0 0 0 0 0 0 0 0 0 0 0 0],39
[0 0 0 0 0 0 0 0 0 0 0 0 0 0 0 0 0 0 0 0 0 0 0 0 0 0 0 0 0 0 0 0 0 0 0 0],35
[0 0 0 0 0 0 0 0 0 0 0 0 0 0 0 0 0],16
[0 0 0 0 0 0 0 0 0 0 0 0 0],12
[0 0 0 0 0 0 0 0 0 0 0 0 0 0 0 0 0 0 0 0 0 0 0 0 0 0 0 0 0 0 0 0 0 0 0 0 0 0 0 0 0 0 0 0],43
[0 0 0 0 0 0 0 0 0 0 0 0 0 0 0 0 0 0 0],18
[0 0 0 0 0 0 0 0 0 0 0 0],11
[0 0 0 0 0 0 0 0 0 0 0 0 0 0 0 0 0 0 0 0 0 0 0 0 0 0 0 0 0 0],29
[0 0 0 0 0 0 0],6
[0 0 0 0 0 0 0 0 0 0 0 0 0 0 0 0 0 0 0 0 0 0 0 0 0 0 0],26
[0 0 0 0 0 0 0 0 0 0 0 0 0 0 0 0 0 0 0 0 0 0 0 0 0 0 0 0 0 0 0 0 0 0 0 0 0 0 0 0 0 0 0 0 0 0],45
[0 0 0 0 0 0 0 0 0 0 0 0 0 0 0 0 0 0 0 0 0 0 0 0 0 0 0 0 0 0 0 0 0],32
[0],0
[0 0 0 0 0 0 0 0 0 0 0 0 0 0 0 0 0 0 0 0 0 0 0 0 0 0 0 0 0 0 0],30
[0 0 0 0 0 0 0 0 0 0 0 0 0 0 0 0 0 0 0 0 0 0 0 0 0 0 0 0 0 0 0 0 0 0 0 0 0 0 0 0 0 0 0 0 0 0 0],46
[0 0 0 0 0 0 0 0 0 0 0 0 0 0 0 0 0 0 0 0 0 0],21
[0 0 0 0 0 0 0 0 0 0 0 0 0 0 0 0 0 0 0 0 0 0 0],22
[0 0 0 0 0 0 0 0],7
[0 0 0 0 0 0 0 0 0 0 0 0 0 0 0 0 0 0 0 0 0 0 0 0 0 0 0 0 0 0 0 0 0 0 0 0 0 0 0],38
[0 0 0 0 0 0],5
[0 0 0 0],3
[0 0 0 0 0 0 0 0 0 0 0 0 0 0 0 0 0 0 0 0 0 0 0 0 0 0 0 0 0 0 0 0 0 0 0 0 0 0 0 0 0 0 0 0 0 0 0 0],47
[0 0 0 0 0 0 0 0 0 0 0 0 0 0 0 0 0 0 0 0 0 0 0 0 0 0 0 0 0 0 0 0 0 0 0 0 0 0],37
[0 0 0 0 0 0 0 0 0 0 0 0 0 0 0 0 0 0 0 0 0 0 0 0 0 0 0 0 0 0 0 0 0 0 0],34
[0 0 0 0 0 0 0 0 0 0 0 0 0 0 0 0 0 0 0 0 0],20
[0 0 0 0 0 0 0 0 0 0 0 0 0 0 0 0 0 0 0 0 0 0 0 0 0 0 0 0 0 0 0 0 0 0 0 0 0 0 0 0 0],40
[0 0 0 0 0 0 0 0 0 0 0 0 0 0 0 0 0 0 0 0 0 0 0 0 0 0 0 0 0 0 0 0],31
[0 0 0 0 0 0 0 0 0 0 0 0 0 0 0 0 0 0 0 0 0 0 0 0 0 0 0 0 0 0 0 0 0 0 0 0 0 0 0 0 0 0 0 0 0 0 0 0 0],48
[0 -8 9 5],0
[-8 0 5 9],1
[9 5 0 -8],2
[0 5 9 -8],0
[9 -8 0 5],2
[5 0 -8 9],1
[5 9 0 -8],2
[5 -8 9 0],3
[0 9 -8 5],0
[5 9 -8 0],3
[9 0 5 -8],1
[-8 5 9 0],3
[5 -8 0 9],2
[0 9 5 -8],0
[0 5 -8 9],0
[0 -8 5 9],0
[5 0 9 -8],1
[-8 9 5 0],3
[9 -8 5 0],3
[9 0 -8 5],1
[0 -8 9 0],3
[0 -8 0 9],2
[-8 0 0 9],2
[9 -8 0 0],3
[9 0 -8 0],3
[-8 9 0 0],3
[-8 0 9 0],3
[0 0 -8 9],1
[0 9 0 -8],2
[9 0 0 -8],2
[0 0 0 9],2
[0 0 9 0],3
[0 9 0 0],3
[9 0 0 0],3
[47 -34 6 3 44 0 -44 30 -40 -22 -1 -46 -27 0 -47 -3 -8 -25 19 39 -2 0 0 34 38 -24 32 -28 -5 -29 -15 41 0 -29 -34 0 18 -7 0 0 11 -18 50 6 -43],39
[37 30 22 -33 -25 5 28 -16 -26 35 -44 2 -14 -21 -33 26 34 -19 -12 -41 40 -31 10 0 -20 -46 -38 15 0 0 0 -40 0 29],32
[0 0 38 5 47 1 -40 -33 -48 -10 30 -26 0 42 -24 -33 0 15 -35 18 0 -42 15 17 38 0 -33 0 -12 46 19 -47 -16 25 -11 -18 -9 -33 -12 26 30 -34 22 10 -20 -16 -3],27
[-26 -39 14 -28 16 -44 -13 20 11 31 0 32 -23 -6 -6 -48 30 49 -34 -30 -47 21 6 31 -6 0 -22 26 31 20 6 6 -2 0 -47 -39 -48 0 18 0 -29 -33 -50 0 48],43
[22 0 -24 -28 23 -13 0 0 32 35 34 0 23 38 37 0 -17 0 0 13 -44 31 37 33 9],18
[-10 49 50 -5 0 -21 -19 14 -24 -28 35 -25 45 13 22 0 17 -29 35 2 12 38 33 20 40 3 -19 0 9 9 3 -4 -8 -3 8 12 36],27
[19 19 -37 -41 -12 -47 -15 50 -50 -8 -30 -18 46 0 -41 0 33 2 25 -39 -38 -29 -47 38 0],24
[-15 14 -17 -7 -18 -11 22 -11 0 -9 12 0 32 5 -5 -47 -10 34 -23 -5 -17 0 -25 -15 23 -24 34 -22 45 10 -28 -7 47 -30 46 45 -21 -8 8 -5 -33 -3],21
[-2 37 17 -50 3 -6 8 9 28 -2 -12 50 11 0 0 41 24 20 14 -34 0 13 13 -6 -40 -26],20
[33 0 -18 0 30 0 35 -10 -33 34 -2 0 -38],11
[-25 -47 -4 0 -49 -3 -4 -49 -25 -12 16 -43 -33 -16 -33 -31 39 47 -30 0 0 -22 0 40 43 -48 0 -44],26
[31 15 17 0 47 22 0 29 44 -45 -36 0 50 -35 -37 -25 -31 -2 45 -21 -37 7 -31 11 -18 11 -15 0 -11 0 -25 13 -49 -16 -21 43 -50 20],29
[0 0 43 0 15 -38 -6 0 13 0 -34],9
[-27 4 0 0 6 -12 -27 -42 49 -7 -10 0 12 13 0 8 8 -40 18],14
[0 -11 -17 -4 -47 -7 43 35 -30 31 -25 0 -22 14 1 -3 -2 -32 33 9 41 -16 43 -14 -45 40 22 0 13 50 -38 -44 1 0 -36 19 32 -13 22 0 0 -14 -31],40
[36 34 -28 0 -24 34 -36 4 -1 -8 -50 47 25 19 -22 -5 0 6 38 49 23 32 -43],16
[25 -49 5 2 -33 1 -19 -15 14 0 -7 -36 30],9
[2 -24 29 -2 33 -34 -45 10 -49 7 -13 -17 -18 -46 -23 -19 -49 -33 -37 -24 5 0 0 28 -40 40],22
[-7 -23 35 -22 47 -29 -47 -40 0 38 -43 -25 32 -17 12 14 -32 20 49 7 -28 -39 38 31 40 -5 41 41 -15 -29 2 11],8
[-9 16 21 -8 -17 -18 -6 10 0 -31 19 39 12 14 -43 19 -49 14 -34 -16 0 -42 0 11 -19 -50 -18 31 -16 11 -39 4 0 -13 -15 -21 -10 -9 -42 0 44 0],41
[0 -6 -34 50 0 -26 -10 -25 -11 -5 2 7 -35 5 0 40 -48 -49 4 -21 0 39 -22 0 -1 -46 0 -40 25 12 2 20],26
[0 -46 36 26 -48 50 0 -36 0 40 19 13 -28 -24 -1 -36 -10],8
[-21 43 0 12 -30 0 -37 -49 -36 22 0 -17 -42 0 -40 -40 0 7 22 38],16
[-24 48 15 0 -32 -45],3
[-12 -23 -27 -13 48 -36 -5 0 26 0 10 -2 -48 13 48 -48 0 -27 25 -21 -35],16
[-10 0 42 1 -22 -38 27 15 0 25 0 -43 0 -12 0 -30 -24],14
[19 0 0 18 19 0 29 0 0 0],9
[0 0 -44 -18 0 -31 -38 0 0 -38 0],10
[-45 -24 4 -18 45 21 -26 -5 -2 0 -14 -17 -13 -17 24 -7 0 -21 0 36 0 9 5 25 0 0 27 34 -1],25
[0 0 -2 0 0 -23 -14 0],7
[-36 0 28 -36 12 -3 -50 3 -6 37 -32 0 -46 -37 -6 -21 -8 -47 -15 -26 50 46 -31 -11 9 14 28 38 28 41 18 -10 -16 40 -44 10 5 25 -43 -5 47 -12 14 25],11
[47 20 -15 0 17 0 44 27 -14 33 47 18 -12 -19 -42 16 46 -20 -5 -39 36 -35 0 21 43 30 45 0 41 -26 -41 -4 -43 29 13 0 -26],35
[21 -14 26 43 -5 -49 25 27 0 0 0 7 48 22 -16 -33 0 0],17
[0 -32 -20 10 1 0 3 0 -8 0],9
[14 39 0 -29 0 29 -30 36 0 -31 16 0 -13 30 22 -1 -43 0 -27 -32 39 0],21
[-29 0 -33 0 25 19 0 40 -48 0 0],10
[0 0 -32 43 -17 -25 0 -16 27 12 9 28 19 0 -39],13
[30 0 -27 32 -7 -7 41 -43 -40 17 42 0 31],11
[0 23 -47 28 -13 -32 -10 -21 23 5 -9 -14],0
[-11 -15 -16 -16 0 22 -28 -19 7 -13],4
[12 0 0 3 48 0 -44 0 -30 23 -16 25 5 31 5 36 -25],7
[-50 -26 4 40 -26 -13 -28 0 27 31 -40 42 -36 -29 3 9 0 -41 0 18 0 -43 -28 -19 39 -20 -15 -6 -8 0 0 19 13],30
[17 -26 37 35 -16 0 0 0 -3 48 0 27 34 0 43 50 -27 46 -32 28],13
[25 -34 -32 -29 -42 -12 -29 44 -11 1 -49 49 7 23 3 44 25 22 -31 0 43 -14 -4 -43 42 44 6 -28 22 -49 -20 24 -49 0 -21 24 -31 -7 -22 -17 -9 0 14 35 -20],41
[46 -15 -15 10 -23 0 -5 -22 45 -20 -39 27 21 29 -49 11 46 11 24],5
[0 -38 24 -7 28 49 12 10 37 -9 -22 0 -19 -34 -38 0 -11 14 6 31 -41 13 -34 -50 9 33 48 -14 11 -25 -35 -22 24 29 0],34
[0 0 3 19 -34 -48 -36 3 32 -24 0 -43 0 -14 43 38 26 0],17
[-2 32 42 0 0 17 47 -8 17 50 -30 41 32 0 36 3 0 -33 -14 0 -32 6 -31 0 22 -5 43 -16 0 17 9 20 -32 -11 0],34
[17 0 -31 0 -27 6 -50 -37 46 11 39 16 0 -29 48 -31 -13 0 -40 -4 -32 9 -12 -34 0 -39 20],24
[-20 -12 -13 29 27 -29 3 0 25 33 -49 18],7
[-22 -40 0 0 -46 -38 0 0 48 24 4 0 -45 0 0 47 23],14
[36 -12 0 0 6 -38 0 22 0 19 31 -12 -20 15 3 19 15 -40 38 -2 13 -18],8
[-26 45 0 0 14 5 29 0 0 0 -49 0],11
[33 0 -18 0 3 26 3 -8 0 10 0 0 50 -39 26 3 -44 -1 -19 0 46 -36 27 25 50 31 -21 48 -22 -42 -50 0 -13 50 -12 29 -15],31
[36 12 -7 -1 25 0 12 -17 -28 11 32 5 -30 -41 4 -43 24 -1 15 49 -27 10 -18 0 0 -37 33 0 -32 -21 -15 37 49 -43 23 -41 -43 0 -18 -11 -26 19 -22],37
[-11 -45 22 32 -22 23 50 0 -2 25 43 24 -14 46 -30 -38 -5 15 -41 4 17 -9 0 -22 17 -33 43],22
[-28 -19 46 26 40 -8 28 -16 -44 0 0 34 18 -18 -43 -47 13 0 31 38 12 -22 -16 2 -18 -18 -33 -10 30 13 31 0 46 -19 -15 -4 -45 -24 23],31
[34 11 -50 19 -48 44 0 20 -43 0 -41 -41 -11 -4 41 -20 -46 14 -2 22 46 -49 0 18 48 -34 13 -32 8 13 34 -34 -49 22],22
[32 6 0 0 25 -9 50 -38 0 -7 0 -33 28 16 23 48 0 0 34],17
[-11 0 37 34 -41 2 -12 33 0 49 0 22 0 -42 -19 26 24 -36 -31 0 17 12 -14 -35 -45 -11],19
[0 -43 -16 -1 35 -7 -45 15 38 0 -25 7 -24 32 1 -12 -8 -32 11 -23 19 43 -4 18 -14 -37 50 41 -45 50 11 -15 23],9
[-23 -31 -7 0 44 -41 0 -20 0 -22 -20 38 -34 0 0 0],15
[0 0 -3 -7 -27 -19 -5 -10 0 10 43 -49 -19 -21 -10 43 -16 0 16 -30 47 -26 -48 0 -13 -14 9 0 16 -2 -45],27
[-16 38 0 43 -9 -28 36 41 -19 13 -21 24 -40 22 1 32 0 7 -12 -44],16
[-15 18 37 10 2 22 -26 0 23 3 8 10 39 8 10 -36 46 9 17 -48 0 -42 -15 24 -6 -3 26 0 29 -20 -31 -49 -18],27
[0 29 -39 -33 -13 -1 -39 37 8 -43 -29 50 15 -45 -6 19 -37 -12 0 -15 6 -31 7 0 23 0 43 0 -35],27
[0 0 0 0 0 15 -44 0 -4],7
[-47 13 -17 -6 -39 0 29 23 0 43 -41 1 0 46 0],14
[10 -28 -45 44 -6 -26 0 -25 -15 35 -40 -1 2 31 -34 0 -21 29 0 -18 -27 15 0 -37 -34 -8 -48 -40 -36 27 12 -9 -33 19 -22 -9 0 -37 41 -21 -35 -1 -33 -39],36
[0 -35 -7 0 0 0],5
[17 -48 -17 -33 0 48 27 -15 -33 4 -4 35 1 26 -31 9 40 -3 3 25 8 5 29 -24 44 38 35 25],4
[15 -20 -40 44 19 -44 0 20 -18 -6 47 20 -19 15 -35 37 0 44 -22],16
[40 -40 -17 -39 -39 42 16 0 43 31 39 7 -49 -3 -4 0 -36 -41 -44 -41 -48 0 0 47],22
[-49 -18 39 30 0 -20 33 46 -18 -46 30 -37 -27 -10 39 0 26 0 5 -27 -26 -3 40 9 -32 -30 -26 -4 1 7 0],30
[33 0 -26 20 -3 32 -31 -42 -18 40 0 -9 -43 31 46 14 42 30 21 12],10
[36 -30 0 -35 -2 -34 -31 0 14 38 34 13 26 -12 0 -26 22 0 -2 28 0 0 -31 -35 0 48],24
[46 36 -43 6 17 5 0 -17 -43 -18 30 19 -37 44],6
[-13 -50 -21 36 17 19 -34 5 -40 -17 0 39 -37 0 14 38 14 43 -20 -6 28 -47 23 -47 0 -8 1 -26 0 44 31 -19 -25 -27 0],34
test_input_1,test_output_1
[0 0 0 0 0 0 0 0 0 0 0 0 0 0 0],14
[0 0 0 0 0 0 0 0 0],8
[0 0 0 0 0 0 0 0 0 0 0],10
[0 0 0 0 0 0 0 0 0 0 0 0 0 0 0 0 0 0 0 0 0 0 0 0 0 0 0 0 0 0 0 0 0 0 0 0 0 0 0 0 0 0 0],42
[0 0 0 0 0 0 0 0 0 0 0 0 0 0 0 0 0 0 0 0 0 0 0 0 0 0 0 0 0 0 0 0 0 0],33
[0 0 0 0 0 0 0 0 0 0 0 0 0 0],13
[0 0 0 0 0 0 0 0 0 0 0 0 0 0 0 0 0 0 0 0 0 0 0 0],23
[0 0 0 0 0 0 0 0 0 0 0 0 0 0 0 0 0 0],17
[0 0 0 0 0 0 0 0 0 0 0 0 0 0 0 0 0 0 0 0 0 0 0 0 0 0 0 0 0 0 0 0 0 0 0 0 0],36
[0 0 0 0 0 0 0 0 0 0 0 0 0 0 0 0 0 0 0 0 0 0 0 0 0 0 0 0 0 0 0 0 0 0 0 0 0 0 0 0 0 0 0 0 0 0 0 0 0 0],49
[0 0 0 0 0 0 0 0 0 0 0 0 0 0 0 0 0 0 0 0 0 0 0 0 0 0 0 0],27
[0 0],1
[0 0 0 0 0 0 0 0 0 0 0 0 0 0 0 0 0 0 0 0 0 0 0 0 0 0 0 0 0 0 0 0 0 0 0 0 0 0 0 0 0 0],41
[0 0 0 0 0 0 0 0 0 0 0 0 0 0 0 0 0 0 0 0],19
[0 0 0 0 0],4
[0 0 0 0 0 0 0 0 0 0 0 0 0 0 0 0 0 0 0 0 0 0 0 0 0 0 0 0 0 0 0 0 0 0 0 0 0 0 0 0 0 0 0 0 0],44
[0 0 0],2
[0 0 0 0 0 0 0 0 0 0],9
[0 0 0 0 0 0 0 0 0 0 0 0 0 0 0 0 0 0 0 0 0 0 0 0 0 0],25
[0 0 0 0 0 0 0 0 0 0 0 0 0 0 0 0 0 0 0 0 0 0 0 0 0 0 0 0 0],28
[-8 5 0 9],2
[-8 9 0 5],2
[-8 0 9 5],1
[9 5 -8 0],3
[0 0 9 -8],1
[0 9 -8 0],3
[-30 7 22 8 -10 -19 8 47 20 -45 17 48 2 14 -49 -6 0 -40 -10 19 -42 41 -49 28 3 -39 -48 0 -7 13 -9 31 15 -4 -6 40 -20 -39 -37 -45 -12],27
[42 10 -37 0 41 -41 -4 -21 14 -49 -3 0 0 0 28 -34],13
[9 31 -46 44 -28 39 0 0 0 -25 -35 20 18 47 25 0 -22 27 -40 -30 -2 -27 0 -25 43 -15 26 -14 5],22
[-45 6 -44 -12 -21 -42 -6 30 -29 44 -35 -40 33 14 0 -50 -50 41 -24 -2 47 10 -16 -44 -17 -27 -46 -17 20],14
[-16 -46 -5 -26 28 13 -50 7 -20 0 -5 16 15 -25 -44 0 46 43 0 50 -25 -32 41 -23 43 9 -35 11 -25 -43 0 12 29 0 0 -10 3 39 -8 -31 33 -16 1 6 -2 42 22 -27 47],34
[47 29 -48 34 0 -45 9 0 -17 3 -10 3 0 6 -26 9 -7 -40 45 46 -35 0 -9 -29 24 34 41 -27 33 0 41 0 34 12 29 46 18 -37 0 -47],38
[14 0 31 -48 37 23 -22 45 -33 0 41 8 29 0 0 -13 4 0],17
[42 11 0 -36 -11 -28 31 -48 0 32 -41 0 0 43 0 -34 -26 1 43 22 49 -45],14
[0 -49 38 5 0 -22 -34 -49 8 -42 -45 -41 26 -37 0 25 -9 -7 0 -24 0 0 -33 43],21
[3 -7 34 -24 -47 40 0 0 -13 22 18 25 0 -5 -17 45 -14 10 44 -19 0 -7 16 0 30 45 0 50 -30 -3 -17],26
[38 -28 -44 0 -4 -14 0 32 14 -27 -12 49 -23 47 -27 7 -15 0 -50 0 5 -22 3 41 -17 -35 41 -39 0],28
[-49 -40 -38 -22 -19 13 21 -32 29 -25 -26 0 35 -44 0 -30 34 46 -3 14 13 28 0 -23 -7 12 -10 21 11 0 46 -50 -2 0 1 48 9 43],33
[0 -16 -14 16 0 38 20 25 17 15 0 40 12 0 50 -24 -6 -47 0 27 7 -32 -1 -20 5 0 -50 -15 -20],25
[14 38 40 47 48 11 12 33 2 47 -45 -19 -13 0 50 -14 -41 0 14 35 -35 36 -43 -33 20 22 19 -32 15 40 -1 -41 42 8 -19 31 26 -48 -17 47 32 0 0 -21 -46 -39],42
[37 -13 -4 46 0 9 19 11 49 27 -43 -21 19 19 37 35 -23 16 -50 -14 13 -10 -6 33 -11 -10 11 46 44 -50 21 -16],4
[20 0 35 -17 -37 0 36 -8 -4 0 -21 -5 -23 35 -38 0 -30 -16 42 17 19 49 11 38 -4 0 0 46],26
[-46 -50 -48 1 7 4 -40 41 -8 -18 29 -31 0 -14 -50 -17 -6 -49 -38 49 26 8 -32 -9 11 -35 -29 19 -18 -41 -35 16 -1 -49 -17 -5 -8 35 -10 -32 27 -31],12
[-28 -34 -19 -41 -6 28 38 42 6 -35 34 -33 -3 -5 31 0 10 0 23 -43 -41 0 34 50 40 -23],21
[19 0 -46 26 29 -2 11 33 -15 31 41 38 39 -4 47 1 0 19 -37 -41 -21 -46 23 9 30 -28],16
[-31 -33 3 0 0 -33 45 -41 28 -12 46 -13 -19 46 0 -44 -21 -38 -39 0 25 -32 -14 0 29 -35 49 -26 26 22 -29 -29],23
[12 0 -49 -15 -39 39 20 27 -27 0 -15 0 22 45 27 12 0 0 -13 -6],17
[-38 -25 7 -39 41 -47 0 20 27 -35 0 12 11 32 15 0 0 0 -46 -28 -24 -1 8 8 19 34 8],17
[-35 -28 -41 0 -2 0 47 16 -31 44 -19 -45 23 28 -5 -36 -45 0 0 7 0 -28 50 22 2 0 35 -39 1],25
[12 0 18 41 29 8 0 49 -33 -22 -6 42 -34],6
[-23 33 26 -13 28 -33 -14 -23 26 -8 31 20 -16 -32 -21 32 -44 5 32 19 0 5 33 -36 -9 0 -4 -29 -38 -16 8 -9 4 0 -2 -17 31 -49 4],33
[11 28 20 41 -14 1 -32 3 39 -41 -48 -14 3 -12 -6 8 47 9 0 0 -44 3 21 0 24 33 -29 21 -8 -43 0 18 25 -45 43 33],30
[-44 -47 -23 0 0 0 0 13 0],8
[8 12 -19 -5 -18 -41 0 4 -29 41 9 43 -22 3 -15 15 3 -40 22 3 12 -14 31 28 44 27 12 0],27
[39 39 -3 47 14 -29 18 1 49 0 -39],9
[0 0 0 0 5 0],5
[-5 0 40 0 -42 -44 0 0 -36 0 0],10
[0 -17 -6 -16 -20 -35 -10 -19 -38 -24 -27 0 2 -3 1 2 41 24 -4 -8 0 -40 23 6 14 21 -30 -44 42 36 -22 -14 45 -19 -14 -38],20
[-14 0 30 -28 0 0 -7 38 -50 -22 15 0 -48 0 -40 -23 0],16
[16 -47 -9 -3 21 0 15 0 35 36 0 30 34 -19 11 -42 22 -20 -48 -13 -45 40 -4 -19 -50 -12 -50 -11 6 0 48 -22 -45 -1 46 0 23 9 2],35
[-27 0 4 9 0 -15 -44 -32 0 49 0 -10 30],10
[0 0 0 0 0 0],5
[25 -43 -35 49 18 1 41 -8 49 -9 0 10 -47 36 21 0 -11 -9 22 -34 4],15
[36 7 0 -36 -29 25 -35 -4 4 0 0 -46 47 35 31 -47 0 17 13 35 36 21 -9 8 -17 9 9 31 1 4 0 0 -43],31
[0 28 -1 0 30 -3 -4 -28 0 0 0 3 6 -31 -35 3 22 27 -5 -42 32],10
[-43 45 -20 -24 18 41 -27 -49 11 21 0 -34 -23 15 -45 0 27 -12 7 -30 -26 39 -19 21 16 46 -46 -36 20 -19 12 -41 1 -37 -22],15
[-41 -30 -45 0 7 -34 -38 44 -15 35 -32 10 0 -24 0 34 9 -11 -17 -17 0 0],21
[-30 -16 -48 19 0 0 8 16 -44 3 -47 36 33 -3 28 3 18 -47 -36 -36 49 -25 37 0 -45 -4 -39 -47 8 -13 46 -22 -25 -2 -39 32 -33 43 10 8 -17 -19],23
[35 -19 17 9 -23 4 -15 35 -13 -48 11 33 -40 26 40 -49 38 -41 14 -47 4 49 -24 -35 -16 -29 0],26
[11 -1 0 -23 -31 0 2 -22 -10 50 16 9 24 -44 38 -2 23 22 31],5
[14 -19 0 -46 33],2
[0 16 12 50 8 -47 33 -13 33 16 -16 7 0 38 6 37 0 -16 -39 37 -20 -36 28 29 19 -39 6],16
[-46 -35 6 -40 0 -32 0 -6 14 -47 -20 26 38 -24 0 -13 3 2 33 39 -37 15 -16 39 -39 25 -4 -21 -10 15 40 -13 0 9 4 48 14 32 28 14 36 25 -43 8 0 0 -11 3],45
[20 37 -4 34 34 -45 -17 13 -42 48 13 49 -15 -50 28 -27 -38 -7 -13 12 41 9 -13 39 4 -1 0 -11 -37 -15 -47 -48 31 -16 5 -25 15 0 -2 -28 40 -1],37
[-26 0 36 0 0 0 0],6
[-3 -4 -15 -22 48 -8 45 -13 21 -7 -20 37 -25 37 13 44 13 -9 35 -16 21 -22 11 28 1 24 -25 -2 -43 -18 -21 -11 48 -13 45 -23 -21 11 3 -33 -39 -42 38 0 21],43
[6 -21 30 46 41 -21 39 44 26 -27 25 -5 21 2 -36 11 -33 -17 7 40 -31 0 -7 0 16 17 3 0 -43 -40 38 50 39 11 13 46],27
[40 26 -48 39 33 -15 4 3 -32 -14 3 19 21 -19 -10 14 -38 -46 22 -33 41 8 9 49 -2 -30 0 -19 -29],26
[0 0 0 -37 -26 -49 -18 46 0 5 0 40 -1 49 49 -10 23 9 10 0 -19 0 49 27],21
[-35 31 0 0 -15 -39 21 46 -1 16 15 26 2 31 -4 2 40 -31 11 -30 3 -38 -9 -2 -18 -45 -45 18 -27 0 48 5 -2 -49 36 23],29
[-4 34 0 37 -18 -13 -32 45 -18 46 11 0 41 -18 -9 0 -39 22 6 0 0 -35 35 38 0],24
[0 -15 -41 10 0 -43 41 0 30 24 0 44 -44 50 -7 -31 -4 -14 -47 0 28 5 -50 0 37 -12 0 39 -18 -45 -35 38 -33],26
[43 34 41 13 20 32 -12 -13 4 -26 33 2 -31 46 -43 11 14 -22 -11 -25 -36 -33 12 33 -21 13 40 -34 -12 -30 0 -26 -10 -14 -22 39],30
[-27 17 6 42 -33 -37 9 22 26 6 -28 42 22 -21 31 39 26 -22 -5 -23 30 42 43 0 45 32 -29 13 -2],23
[18 18 3 0 -42 -33 -48 34 -6 -22 30 0 -45 -45 5 1 17 -18 -26 -38 -37 0 18 15 11 0 -27 -22 8 0 -10 21 26 -35 0 -15 13 26 -20 5],34
[46 -34 15 -19 -25 17 -39 40 31 26 -32 31 -33 49 -29 -46 11 -19 0 11 0 -35 13 -32 -45 50 49 0 37 -41 12 -2 30 50],27
[3 0 -33 0 50 -46 -16 -46 -41 0 47 9 0 26 5 -11 -41 35 -39 -13 0 0],21
[12 -32 4 23 -36 13 47 0 36 -9 0 21 31 -40 -31 44],10
[0 0 -43 -28 -38 40 0],6
[26 39 7 -21 -26 18 -23 31 23 43 22 12 -42 0 -38 -15 -5 -13 37 8 0 -7 29 -7 -11 40 -2 -12 -4 -39 -15 0 -29 -33 -17 34 -7],31
[4 32 -6 -22 -27 -21 7 0 46 -32 0 -32 -31 26 31 -6 19 22 47 25],10
[40 7 50 50 19 -14 -17 -42 36 20 26 -41 41 -19 42 0 -44 -22 33 0 32 0 3 9 -25 -27 18 16 -39 30 -22 49 16 0 11 -50 -27 50 18 38 -2 0 -48],41
[-16 12 -17 43 -6 34 15 -49 5 0 -11 30 -27 44 -47 -8 -41 -4 47 -7 25 50 -4 50 -18 -28],9
[0 0 36 5 49 6 -42 0],7
[-35 -12 20 48 -27 0 0 22 0 -30 -36 0 -15 27 28 -23 44 13 0 -15 -36 50 -24 4 -18 19 -41 0],27
[0 8 -9 16 34 36 0 34 47 22 11 -32 0 34 0 38 -22 -13 -42 0 7 -17 -28 38 17 -12 12 50 -16 9 35 31],19
[9 4 -49 47 0 37 42 22],4
[28 -33 12 16 0 34 -32 -20 -22 -27 45 -39 -40 -50 -27 -28 4 12 0 7 0 -38 -21 -37 -32 40 -10 -17 33 20 15 -2 7 -39 -41 -16 0 -19 29 -34],36
[35 -34 -24 31 42 -10 42 -50 0 -14 1],8
[-18 0 -21 23 -41 16 -49 27 -31 41 17 -28 -35 17 41 -14 8 35 0 -44 0 10 -28 19 -20 20 0 -16 -16],26
[46 -36 0 -6 0 -27 34 16 -18 -8 14 0 0 -10 -27],12
[33 39 -17 -9 25 -6 -14 28 0 21 10 42 44 -4 -47 13 -39 50 45],8
[28 0 24 -30 -46 -33 -3 49 0 0 -46 -11 -15 -3 -39 -4 46 -22 17 -4 -22 27 -32 -37 6 -8 -24 31 0 -8 34 0 28 26 0],34
[-37 12 0 -48 -19 -50 -33 -31 -39 38 0 -25 0 -34 -3 -46],12
[0 0 -15 0 0],4
[22 0 0 -32 0 -39 19],4
[48 0 -19 -3 23 -38 22 -24 46 9 17 41 6 -5 -28 44 43 0 42 0 -8 30 20 -16 -34 47 -22 26 3 -9 -49 36 18 43 0 7 -9 50 35 34],34
[-18 -45 12 11 26 -1 -18 25 -36 -1 49 -37 3 15 -50 16 49 0 -4 -12 30 -1 -12 -38 9 -37 48 -15 0 -26 38 50 0 -2 -48 46 -29 44 18 -45 -18 0 46 -16],41
[-8 -32 -15 -22 -44 -16 -46 17 -26 -14 -24 0 33 -37 -26 34 -41 -16 0 36 38 15 0 -37 37 -10 46 37 41 -1 -23 -19 42 0 15 0],35
[-22 46 -32 -30 45 -2 -1 11 21 -38 -36 0 43 44 3 16 9 3 12 16 -12 7 -44 -49 48 -36 3 -47 14 0 -33 16 15 -28 22 -50 43 -29 0 1 19 -41 0 37 -25 0 37 41],45
[43 -14 2 0 3 0 17 43 1 0 -38 33 46 22 19 0 33 38 9 30 42 8 -16 9 -35 37 -42 0],27
[47 20 36 -25 -16 26 19 -47 10 -21 -40 0 -43 -42 16 35 34 4 -9 -45 16 13 -27 0 -3 0 0 27 14 -20 -5 11 34 11 26 -24 -19 36 0 17],38
[14 22 -5 0 35 39 2 0 -29 25 21 -2 18 -16 -35 -44 -5 -49 36 22 -15 -35 39 0 22 -33 0 -11 -15],26
[-41 37 -22 34 18 17 30 -16 -24 48 14 0 -10 -46 11 -24 22 17],11
[-18 0 2 0 39 2 0],6
[0 0 9 43 42 0 0 -3 -26],6
[-10 13 21 22 5 0 -13 -38 -43 19 -12 43 12 -32 33 22 0 20 -20 36 7 37 -42 0 7 -4 -20 -25 25 -6 46 -41],23
[-40 0 0 0 0 0],5
[46 -9 0 0 0 32 6 0 0],8
[0 -43 30 -49 -36 -3 -23 0 41 -48 -44 -24 33 41 -45 48 24 -42 0 48 -19 15 19 17 -14 38 -43 0 26 11 0],30
[6 0 -4 -49 0 -20 -40],4
[0 -13 0 11 4 50 26 -39 33 39 17 -42 0 -24 0 0 -15],15
[0 -1 0 0 0 -10 27 -22 0 0 47 9 -49 14],9
[31 42 -25 -35 35 2 -32 26 14 -3 34 -28 10 5 4 -9 0 -16 39 25 34 45 4 9 -11 -42 0 -10 40 5 -36],26
[-50 0 48 0 0 0 0 0],7
[7 0 -28 -35 2 46],1
[0 0 0 0 0 0],5
[-27 10 -15 17 -41 -46 -10 -19 3 49 41 -37 -20 -23 4 46 -8 19 0 44 -47 -48 -2 0 -13 -46 -46 -36 2 31 -4 12],23
[0 -37 0 14 43 -47 24 0 -16 36 0 38 0 -29],12
[-47 50 17 0 29 26 -34 -29 50 12 -30 -13 -49 -34 5 -48 35 -16 -23 44 -39],3
[-4 18 21 25 0 -29 -18 40 27 2 -15 2 0 -44 -30 -50 -18 -36 -11 0 -5 -18 25 18 -18],19
[15 8 -46 46 -42 48 49 -33 8 14 40 -3 28 -18 -49 9 -44 37 36 0 2 -48 -15 -27 -49 -2 -38 -8 -11 2 -34 -27 40 13 -10 -23 0 0 40 2 -33 -43 -32],37
[7 18 3 46 -31 -12 -47 0 8 -2 -4 -9 8 17 40 33 32 44 35 29 -12 41 14 -14 47 -35 28 34 -48 14 -15 -28 39 -14 40 -34 -49 -44 26 35],7
[-14 0 24 32 -15 -34 -17 0 -36 -45 -47 32 37 14 14 11 -50 49 -37 0 4 21 -49 -15 42 28 34 46 9 0 0 31 -44 12],30
[44 -30 0 0 0 27 0 0 0 43 -49 9],8
[0 -2 12 -20 48 -31 11 -45 7 -50 -34 2 50 -9 -17 -2 -21 0 -22 43 4 -40 36 4 -35 0 -29 -44 9 0 27 49 -46 -43 -15 -19 -42 -8 26 -19 19 -33],29
[41 -15 -3 -27 14 39 0 49 -31 38 -36 24 -50 38 -20 1 1 13 14 14 27 24 0 31 45 41 -6],22
[33 -18 13 18 0 -16 -8 47 -9 -46 -26 -7 0 0 -24 -13 -31 0 39 -46 27 -27],17
[39 -22 13 -1 -8 -13 -39 1 0 -19 -42 43 -19 -7 -48 -2 -10 -49 18 46 0 13 -46 22 24 -44 25 15 30 13 -36 -40 0 0 -6 -46 22 -40],33
[31 21 19 36 -40 41 -8 18 -8 -6 49 0 11 37 -6 49 -42 27 27 48 43 -45 18 2 18 41 22 20 -49 -21 4 -38 0 9 -26 -29 0 -34 -50],36
[-13 31 -30 -10 -47 -29 0 6 1 21 -2 2 -19 -32 0 -25 -46 30 -25],14
[-14 0 -10 -32 -40 30 -22 27 7 -26 -26 6 15 -11 2 42 0 41 9 39 -28 46 14 -20 13 -32 41 -8 -25 8 0],30
[-38 -48 -35 23 -4 7 0 7 -14 50 37 -9 -19 -50 27 37 2 24 -33 10 -16],6
[0 -45 -45 0 -18 30 0 0],7
[-19 -50 17 0 0 5 -6 -40 -14 -21 -13 0 29 -4 30 0 10 -14 30 18 -29 26 -33 7 24 -6 10 -8 22 0 -20 0 24 -18 4 -18],31
[25 -49 -11 28 32 -50 0 6 -39 -39 -2 -30 0 28 20 0 0 21 -14 -24 -35 11 30 -37 15 0 -44 -11 31 13 15 -36 21 -40 0 16 -19 -49 -40 16 -7],34
[-7 -48 0 -14 0 -33 -6 -41 -41 24 0 0 -14 47 -19],11
[23 10 40 -28 -44 0 45 -5 0 11 1 8],8
[-9 -44 -6 -25 0 -50 -20 45 15 18 -27 -9 -20 -39 8 -10 -39 0 -35 -32 -47 12 32 36 25 30 9 4 14 3],17
[-41 1 -39 11 0 -25 0 -32 41 0 7 -20 0 -44 -11 29 49 -27 50],12
[45 0 34 0 -45],3
[-43 -39 -28 -47 0 -29 15 -47 45 38 -27 18 -26 -47 8 49 -42 21 9 -42 47 13 -42 -8 -12 -50 27],4
[0 -13 -25 -45 -25 -32 -19 -7 5 -47 -23 -50 45 12 44 49 -12 -50 -46 -16 -47 -4 3 -39 33 -8 -25 -41 -20 -47 -47 -22 -18 14 -14 -27 -41 48 -16 -32 8 -50],0
[0 -6 0 0 0 -42 0 -48 0],8
[0 43 -29 0 0 0],5
[5 0 -45 0 -24 1],3
[17 0 0 28 0 0 24 49 5 0 -2],9
[12 -42 0 -38 0 21 23 34 -35 40 -14 -7 -37 0 5 30 1 44 19 0 -30 -35 -48 15],19
[11 0 45 0 45 29 0 -48 -26 0 -36 19 0 14 -14 0],15
[-26 -18 47 45 26 0 44 -14 -14 18 16 -30 -18 30 44 19 -44 42 -49 -44 33 47 50 10 -47 -35 9 32 0 23 -38 -11 10 2 16 15 -26 -39 50],28
[47 14 0 6 -36 43 -27 49 0 0 4 -25 -40 -3 -10 -20 0 38 3 9 -29 25 -41 0 0 41],24
[-6 6 -7 -9 27 -5 24 12 45 -16 -15 -39 42 27 -19 0 -3 45 6 50 -31 -42 -30 -50 11 -12 35 -50 0 48 -41 6 0 4 0 13],34
[26 0 33 43 -6 -14 29 0 -19 37 17 -4 28 -42 30 32 -30 -34 0 30 -9 -22 0 0 -31 41 -42 0 31 30 14 29 -21 44 49 -6],27
[0 -39 42 0 38 -14 -8 2 35 -15 23 0 47 0 -37 49 38 -36 -16 -50 -45 -7 -47 -17 -42 -35 47 -31 0 -24 25 18 -1 7 -13 -18 45 15 0 12 48 -34 -38 -33 29 5 -19],38
[31 -15 12 0 0 13 0 0 0],8
[0 -36 -24 -19 23 27 -39 36 38 0 0 0 0 -35 -1],12
[6 7 17 0 20 32 -8 6 -41 -19 0 -12],10
[-21 0 14 44 0 -43 35 24 -17 -37 0 48 -32 42 -50 30 40 0 0 17 0 44],20
[-19 27 -34 -31 24 36 -31 0 -6 50 -40 -19 40 -29 -44 40 -22 44 19 32 -10 19 -6 -22 2 29 9 14 -44 0 0 -7 -21 34 -31 -46 -11 -3 24 35 5 22 -43],30
[-4 38 31 45 0 0 50 35 0 30 0 -29 -40 38 6 22 0 -7 0 49],18
[-5 23 -6 0 -1 0 24 6 16 -13 5 -7 -7 -33 0 0 45 24 11 0 0 -25 -37 -41 -44 -16],20
[33 -41 32 -50 -34 0 0],6
[-11 -19 -36 -39 5 8 6 37 -42 0 -9 0 -37 18 -3 8 -43 10 17 -40 0 17 -11 19 3 28 0],26
[40 14 -21 47 -8 0 0 46 -36 -17 -13 41 -26 45 47 38 18 47 40 20 0 0 0 27 20 31 -5 0 -31 -40 0 -5 37 39 44 23 -34 -23 -3 -1 0 -37],40
[-22 -45 32 11 0 -15 -44 -14 30 -17 0 41 0 -22 7 34 -12 -34 22 -40 14 0 35 -6 0 4 21 -4 -24 0 -21 -37],29
[18 0 0 0 0 0 28 46],5
[-7 -40 -9 -10 0 50 -33 47 49 18 -24 -10 16 32 4 -16 -19 22 -31 -11 0 -22 -48 26 -36 -14 4 -40 50 -6 49 -17 -5 46 -31 42],20
[0 0 28 0 13 2 35 3 -42 35 0],10
[49 7 48 0 -8 9 -24 -43 23 8 -49],3
[0 18 -21 5 12 -29 -29 -43 -43 20 16 47 0 4 -1 28 -49 -19 -14],12
[-23 43 -44 0 3 -17 0 -16 -41 13 -47 -26 -49 29 -44 -18 -45 28 0 -8 43 -3 23 17 -50 6],18
[0 38 24 -12 -50 0 0 46 40 19 42 0 41 36 0 44],14
[31 -47 21 0 -31 -30 -6 23 0 -24 -29 0 -41 0 3 -23 2 1 -50 7 -14 -17 -19 -3 -25 38 0 7 -24 0],29
[-15 -10 0 20 -29 -47 -39],2
[10 0 0 -45 -6 -38 -50 -43 0 -27 2 -11 -23 -37 -26 13 -30 0 -28],17
[-11 15 50 -42 -28 41 50 0 0 -22 2 14 16 -19 34 -45 -9 -30 -16 2 0 -25 -1 41 -17 -23],20
[-28 25 48 -26 -39 0 -33 -21 -19 47 -42 0 21 -17 -4 0 -29 -23 0 40 42 40 16 36 -30 11 20 20 8 -28 7 -35 5 -37 -32 -11 -45 9 -9 35 -16 6 24 -17 -22 -40],18
[0 28 2 21 0 0 46 36 0 0 -43 -24 0],12
[-11 -9 -47 3 49 -17 33 41 -21 -33 0 45 -10 13 -48 -31 0 -24 -2 15 2 -18 5 6 40 -22 0],26
[11 22 26 -31 0 0 -47 46 21 -11 -2 2 -14 -50 42 -12 35 -29 39 3 -19 -4 0 -9 -23 0 9 2 37 -26 0 -27 26 42],30
[0 5 19 0 37 -21 -11 -10 16 48 25 7 49 0 0 -13 10 43 3 48 15 -12 3 49 -2],14
[-50 -44 -44 -37 -17 41 -10 -36 6 41 15 -50 -42 -17 4 -21 0 -34 -6 0 0 47 44 29 -39 -45 42 39 0 0 -16 38 -23 -49 19 25 0 27 19 -44 -19 -27 -5],36
[45 44 33 35 -30 -43 0 30 36 -19 -4 23 -35 -36 11 -32 0 33 -4 26 -6 25 -7 3 40 38 -17 25 44 -41 -8 45 -40 -13 48 -37],16
[0 -17 8 11 45 -39 50 34 -47 0 10 -46 0 23 0 -28 -13 3 0 0 -40 6 -43 -14 -23 -8 25],19
[-13 25 37 34 36 0 -13 -46 -47 -50 0 -38 46 50 50 -5 42 -47 31 22 0 -22 8 -45 21 0 -32 37 25 21 13 -18],25
[0 -24 -42 -1 24 -35 36 28],0
[-49 -47 6 4 46 12 38 -24 27 0 29 -46 -26 -2 0 -3 0 32 -45 0 36 -20 49 0],23
[13 0],1
[45 5 -13 50 0 -45 40 -48 12 45 -20 -20 -4 11 -22 34 0 -45 47 -48 40 -16 -18 38 -1 -33 0 22 -21 -24 -15 0 31 -38 19],31
[49 0 48 44 -36 -8 18 -3 2 0 -24 0 0 0 -19 8 12 9 35],13
[5 0 -47],1
[47 -50 -34 9 -25 -40 23 25 -26 -36 24 -14 38 -32 -45 -50 45 11 0 -6 0 33 0 7 33 2 -33 -45 14 12 26],22
[21 -13 -35 44 -9 25 37 18 24 -7 21 0 45 4 -2 9 -20 -43 1 25 47 5 19 16 23 -7 13 38 47 0 -4 -21 -43 -23 -3 46 -17 -12 21 -49 -10 44 -3 5 30],29
[-34 -40 -4 -4 -14 44 -10 6 50 0 -47 3 -33 1 -15 46 2 0 41 20],17
[34 50 -44 32 -3 0 -47 43 -33 14 -25 21 -32 -28 -38 28 -2 48 19 0 17 43 -25 0 8 -7 0 -12 34 21 -9 9 1 10 -19 38 -15 25 -42 -32 23 0 -12],41
[0 -28 -24 49 -10 35 -26 -26 -26 -46 22 14 0 0 2 29 1 -50 4 -31 38 10 -19 0 49 0 45 -28 0 49 -27 0],31
[-40 1 -15 25 -21 21 -9 43 -14 8 -20 -16 42 46 -27 -44 47 -37 -36 -44 -14 -20 0 -40 35 -24 -49 -27 -28 -36 -27 0 24 -36 -46 6 46 20 -40 -42],31
[16 37 6 0 0 24 -24 24 -37 28 -12 -32 36 16 3 -22 -35 -21 5 -13 19 -34 -47 23 -48 20 -9 35 0 -49 -38 -12],28
[-11 -1 33 50 -48 -16 9 -48 33 32 -2 -41 -5 36 43 0 0 -7 22 43 0 -27 -48 1 39 -22 0 13 36 32 -3 29 25 39 -17 -14 0 43 20 16],36
[0 0 -41 16 -32 -26 -39 0 0 48 -29 43 0 0 -6 -48 29 -15 -3],13
[-45 37 0 0 9 -28 24 -49 0 7 0 43 8 0 10 -42 10],13
[0 27 -30 10 0 -34 -37 23 43 -8 -5 42 27 -19 0 -36 -24 0 -17 12 11 19 -30 -7 23 -27 30 36 41 -45 -17 6 9],17
[-2 2 -28 -40 47 36 18 -19 41 38 23 -28 -41 -16 1 12 -43 41 -47 -50 0 40 -9 47 14 37 -35 35 21 -26 34 34 3 -41 20 0],35
[47 -23 0 -49 0 -39 -48 33 -1 -30 9 5 -48 0 34 -40 -18 0 27 0 -22 -37 12 22 -4],19
[-21 -32 16 0 45 42 16 26 -43 44 10 21 43 -6 -36 -50 -11 -24 11 1 21],3
[-42 34 9 45 -9 -21 31 -17 7 21 -30 -48 -41 0 0 -24 43 -20 49 -8 -2 28 5 -17 0 35 -26 -13 -17 -5 15 6 19 -23 -48 -18 50 -1 12 -14 30],24
[-33 28 -15 16 -25 0 25 -40 -29 -8 19 34 -12 42 0 2 -30 -45 -21 15 3],14
[-28 3 2 32 9 0 -24 0 -50 0 -24 -17 0 0 -13 50 -46 24 23 44 -29 -48 27 -19 5 0 3 -32 46 49 -18 36 45 27 -47 47 -4 -36 44 39 4 -24 -33 -28 25 34 -43],25
[-37 0 -40 0 34 -50 -28 21 -29 -33 -5 -14 -2 0 48 50 32 19 49 -6 5 49 -21 0 35 -6 -40 41 35 -4 -4 -33 -18 -33 25 -31 0 45 0 43],38
[22 15 18 15 49 37 16 -3 5 7 -39 47 40 0 -32 0 28 -49 0 31 -39 0 32 20 0 22 -18 -13 -44 33 -25 -17 16 16 -12 10 -35 -1 -38 48 -49 9 40],24
[-37 0 -23 -43 -2 22 1 -48 0 0],9
[-12 15 -29 16 12 0 -42 48 -24 -17 37 -24 -47 22 -6 48 19 46 7 -12 16 -20 48 -19 32 46],5
[-21 -41 17 0 0 -2 29 21 42 -11 0 45 -9 20 -3 9 -17 -20 -17 -30 -1 40 -48 0 42 -2 28 -32 25 -36 15 40 34 -46 -18 -28 26 -40 -44 7 -11 4 34 43],23
[44 6 -11 5 7 50 -8 20 22 24 21 25 36 5 25 23 3 0],17
[0 0 13 -10 0 -24 19 0],7
[36 23 7 -15 -39 28 11 -7 6 14 -2 14 37 37 23 -47 -47 21 30 0 -13 24 19 0 -12 -18 -3 46 -33 -32 13 -24 18 43 -40 -44 0 -41 -38 23 -49 -15 -30 -32],36
[8 -39 28 47 0 14 21 0 -44 13 25 -2 14 -28],7
[45 42 0 50 5 -46 -42 26 -28 0 -24 -14 -42 1 0 19 3 33 -49 -45 -13 -4 6 -7 -32 -46 35 40 43 0 20 -25 25 -13 -6 11 -21 19 -35 0 -38 44 3],39
[0 -37 -6 2 -37 27 50 -44 -45 -47 3 14 28 7],0
[43 -27 36 -30 19 39 -27 50 28 -12 6 0 35 12 -21],11
[45 8 -20 -42 -34 -45 0 15 -45 -20 42 0 34 -48 -8 0 7 -15 5],15
[10 -46 -18 30 -36 9 25 0 33 -18 -5 -22 -50 0 24 14 36 3 38 -48 22 -46 -24 -23 34 -20 -15],13
[-10 0 -49 -23 47 -43 29 -31 -18 -13 -21 -8 -49 25 33 -30 -33 10 -6 -9 -33 -38 -20 -30 0 -45 14 43],24
[-13 14 21 11 22 0 31 -38 -42 -42 21 36 36 -49 15 -25 -42 3 41 -4 34 38 -10 -35 -34 35 37 19],5
[-30 21 23 4 46 48 -11 -7 -16 -4 -8 -16 24 -17 25 -47 24 21 -46 -50 -1 -14 0 30 -28 12 -9 11 -20 -26 0 -6 4 3 0 -26 -9 50 4 -41 -44 -49 0 0 -24],43
[0 29 -44 0 -48 13 13 26 -20 29 33 48 38 11 0 37 12 0 7 35 -2 0 -13 -34 -35 -25 35 39 3],21
[41 0 0],2
[43 14 45 22 3 0 0 -24 25 0 14 0 13],11
[23 31 -44 6 -18 -16 25 14 8 -24 -36 33 32 41 -41 25 -39 -4 18 0 16 0 43 -20 46 0 -26 0 3 -28 -50 33 27 -47 -2 49],27
[-1 18 11 0 34 0 10 -20 46 0 38 41],9
[-20 0 0 27 -33 0 0 -22 -2 -37 41 23 0 -21 41 -42 6 -31 -19 1 49 -2 36 -30 -33 -49 50 -15 42 16 43 38 16 0 44 18 -39 39 18 -13 -26],33
[-32 -4 -34 2 0 42 44 0 0 0 0 27 0 -37 -22 50 23 39 -1 -41 24],12
[-39 -45 -3 47 29 0 11 -10 0 0 0],10
[-14 0 -36],1
[0 -20 17 45 31 2 20 -36 15 0 -28 15 22 -19 -25 -35 23 50 38 41 -47 -8 -27 -25 0 44],24
[0 0 0 0 0 -31 30 0],7
[0 0 0 0 0 0],5
[5 -25 2 -24 0 43 31 -12 20 -27 -35 -45 18 -50 0 34 28 -33 0 0 39 24 32 0 -17 -31 -24 37 9 -23 -12 -15 0 -6 -39 20 13 4 -50 -49 32 16 34 -21],32
[10 0 49 -37 0 0 39 1 -17 27 36 -20 -19 27],5
[0 19 0 -46 0 -48 17 -17 0 3 -34 -50 -15 37 0 22 27 -4 11 -25 -4 13 10 27 23 0 -14 -33 43 4 4 -15 33 -16 29 -50 -2],25
[0 42 -3 -7 34 -23 0 0 -26 11 23 9 32 0 -4 -47 40 28 0 35 -14 1 -35 17 -29 10],18
[29 -2 9 26 26 -30 0 -33 31 28 -26 5 18 -45 -13 -21 -42 42 24 -27 35 10 27 34 0 0 -42 -47 11 -33 38 -23 0 3 -14 14 1 40 21 -7 -8 21],32
[-37 4 0 -23 20 0 -37 0],7
[-32 -46 25 -36 44 22 -29 32 0 0 -48 5 26 44 39 13 -17 -38 21 -2 0 0 9 -35 -8 21 14 38 42],21
[8 45 -26 -17 0 -36 -25 -40 27 29 -50 12 -45 45 3 -23 -35 -19 48 20 -43 -27 0 13 0 48 -11 0 -7],27
[0 -39 -37 3 10 24 0],6
[-17 -31 37 -8 0 -3 37 0 7 -50 0 32 0 -9 45 2 -20 47 -4 40 -37 8 26 16 -23 -38 -8 0 12 19 -11 9 0 2],32
[0 0 10 0 0],4
[23 -48 5 19 -6 0 26 34 0 -34 -39 -35 18 3],8
[-16 0],1
[30 -16 34 0 0 20 -43 0 45 31 11 41 41 0 5 49 -6 24 16 -38 50 39 -40 4 26 -43 7 -42 -45 -23 44 -38 33 26 27 -16 20 -13 -23 29 13 0 35 50],41
[8 29 -16 -40 0 -3 -29 46 0 30 0],10
[0 9 12 12 0 13 -7 0 0 50 0],10
[-5 0 -38 0 47 21 0 0 -45 -45 -49 23 -5 9 24 -21 -44 0 -28 -50],17
[-45 -15 24 0 13 -48 -5 -28 31 1 0 0 24 35 0 10 28 -34 0 -28 8],18
[0 -36 3 -26 13],0
[5 -10 45 -5 -41 -1 12 -22 33 0 44 0 -42 4 21 -9 -44 -19 0 -15 33 -29 44 -22 24 -5 24 -32 23 -38 36 -24 8 21 0 -18],34
[34 25 46 0 0 -6 -19 48 0 -22 1 -33 0 -19 -43 -47 -13 -13 -11 5],12
[0 10 -12 -8 9 6 -23 0 25 -31 36 44 9 -38 -24 42 0 42 -16 -17 0 29 -27 0 19 -2 25 10],23
[47 -44 -28 -43 0 0 -37 -37 0],8
[29 43 -21 -38 -25 32 -39 0 -5 -17 0 0 0 -33 7],12
[1 -15 34 -26 0 -37 0 14 -4 -34 -20 -28 17 -2 22 -50 -28 -32 43 -19 -32 -36 3 5 -18 11 0 9 -6 -38 15 -16 -3 49 18 24],26
[0 33 26 0 1 8 -30 0 0 0 0 28],10
[24 26 -16 47 -41 48 0 5 0 -1 -30 -29 0 -21 0 7 42 -16 -44 -48 14],14
[-11 24 0 8 -44 5 -22 0 -34 -26 0 -45 19 -40 -18 -38 13 24 42 5 -5 40 -31 -32],10
[-49 18 11 -12 0 -19 -8 21 4],4
[-12 10 -14 37 16 17 -47 48 9 -34 -1 11 0 19 -13 -14 -41],12
[-36 43 1 21 37 -7 0 -21 -41 0 22 -39 -28 -29 3 22 -40 28 -27 0 13 -46],19
[0 45 0 16 14 -29 0 0 -13 44 0 17 -24],10
[31 0 -48 0 -13 43 -31 -6 0 42 0 -19 37 -40],10
[21 -31 32 -47 -33 6 -44 10 42 0 18 10 0 -45 0 20 -12 -25 23 18 46 16 26 -36 26 0 13 -48 0 4 18 20 -11 12 0 50 -25],34
[-2 -40 -26 -37 -14 3 41 -20 0 38 48 40 45 -29 -47 0 30 43 -15 -22 -22 32 14 0 38 28 3 38 -15 -45 -3 0],31
[-10 15 40 -29 14 13 9 -45 0 0 -40 0],11
[0 -19 -43 -43 -3 0 0 0 27 -6 40 -39 3 44 2 -5 0],16
[0 0 -44 -39 -3 0 5 20 -9 -25 1 -31 44 37 -42 20 40 31 6 10 -26 50 -3 -43 -20 -10],5
[-30 -50 -14 -27 0 35 -5 -31 45 2 0 20 1 -7 -11 -29 9 0],17
[42 -32 -28 25 -19 0 14 -23 -30 0 -35 21 -30 39 6 -26 4 2 -18 50 0 41 -44 40 0 -15 17 40 0 2 -18 45 -46 -46 0 0],35
[-46 38 -47 -42 -9 -16 0 20 0 25 29 -47 0 0],13
[5 41 0 -12 -27 33 41 -34 3 -33 6 -47 9 0 19 0 5 -13 -47 33 0 13 -37 35 36 -31 -42 13 6 -1 -17 -28 0 45],32
[-8 0 -14 -20 -44 48 -40 2 11 -50 32 -4 46 48 -48 -33 -38],1
[41 -26 48 -2 0 38 0 -33 0 45 41 0 47 20 43 -29 -23 19 13 -20 0 -20 -16],20
[35 7 -13 -16 41 0 34 28 45 9 33],5
[-42 -20 -10 0 26 -11 47 46 -16 -32 16 0 0 30 -43 39 -22 0 25 -13 35 0 45 41 -19 -5 -24 36],21
[-5 26 -13 0 -24 0 -22 0 23 -43 -14 17 33 -13 -49 -18 0 25 0 -30 16 44 -17 46 0 25],24
[-5 -3 -44 -30 37 16 30 -50 -40 -33 42 -45 31 -43 -24 40 -5 -4 -14 38 11 23 -17 -10 -41 0 0 15 27 37 -13 -39 10 14 12 -32 -6 22 6 17 -45 50],26
[-17 5 -16 26 20 -49 -6 44 34 0 -32 37 47 17 -46 39 21 -29 7 -6 -18 44 0 -21 0 -23 5 -13 -8 -4 -9 -2 -42 -28 -39 24 14 0],37
[-44 -23 -18 37 28 0],5
[0 -9 0 0 0 0],5
[-13 43 0 4 45 50 -27 -22 25 -50 0 21 -42 38 43 43 -24 -4 6 12 15 0 -46 -30 44 24 -35 11 0 39 49 -44 31 0 30 28 34 19 0 -9 9 -5 7 -34 24 49],38
[0 -34 0 0],3
[3 0 0 45 21 0 -17],5
[21 0 3 -25 -20 34 0 -12 0],8
[0 35 -5 47 -15 48 42 -32 -34 -3 21 26 -20 41 3 12 36 -32 25 -13 -35 -1 24 -19 8 -20 38 -11 14 -26 20 -28 -34 29 22 -26 -5],0
[37 -13 13 -13 41 32 46 12 18 23 0 -10 0 0 -17 33 -17 -10],13
[-28 5 -36 -30 -43 -14 6 -35 0 -26 41 29 12 -1 -48 -43 -30 29 43],8
[-38 7 -42 -33 -45 3 39 -49 0 -41 -36 24 3 17 50 -41 -21 40 -39 16 27 -28 -33 -43],8
[38 -26 0 -34 -46 0 -38 0 -23 -22 47 33 18 -31 0 30 48 37 0 -42 -50 -48 2 -40 -45 -35 44 -8 9],18
[7 37 -32 17 33 -20 -18 -49 0 43 6 40 29 43 -41 12 22 0 45],17
[6 -17 -47 -37 46 -22 6 35 -34 26 -19 -32 -47 -1 42 -14 34 31 48 0 -12 0 -26 16 -17 12 33],21
[50 -28 -46 20 50 0 0 -31 0 -30 -39 0 0 26 -11 14 35 33],12
[6 -45 0 22 0 3 9 1 -45 8 26 -24 -11 26 -32 -42 42 -38 26 -35 -10 26 0 3 -10 5 -17],22
[-42 18 0 8 0 0 0 -35 0 -26 -42 30 -44 38],8
[-29 36 23 -2 17 0 -10 -43 10 29 0 0 41 -45 37 0 21 20 46 -34 0 5 -13 22 -49 38 30 -33 24 0 48 4 -40 10 19 -41 0 40 -33 -48 -41 -33 -9],36
[0 -4 -4 10 15 31 -16 26 -35 -37 -25 30 -35 -7 0 -25 -41 -30 49 46 0 -34 39 -1 22],20
[-26 0 0 12 0 0 -35 11 -33 0 0 -50],10
[0 0 -43 40 0 0 0],6
[8 10 27 43 -18 44 0 -19 39 -42 40 10 41 -26 0 26 25 18 -36 -28],14
[25 49 5 0 -1 -37 -9 32 0 50 -44 20 0 17 -11 0 -3 -22 45 -11 3 -37 24 -47 -21 -11 39 -16 -30 -4],15
[50 19 -7 41 -35 -6 50 0 0 -13 24 -12 17 -46 -1 25 13 20 -25 26 16 -35 -16 -49 0 0 22 -10 -35 10 19 -14 3 -21 12 -25 -48 4 8 0 -19 -1 0 -21],42
[0 45 0 -27 0 30 47 36 -38 50 0 -19 -49 0 -46 0],15
[25 31 -13 -15 -1 3 30 -33 -22 40 36 1 -34 -44 39 45 13 -6 0 -2 17 21 0 -33 0 24 21 -23 50 18],24
[-29 -4 14 25 47 0 -2 -1 0 0 -44 33 12 18 -36 -14 7 -43 5 27 4 -6 0],22
[0 7 0 3 -49 0 14 -6 -50 -7 26 0 -12 -29 -28 20 -24 -42 9 3 -49 -41 37 -38 41 -12 -20 -50 -43 0 0],30
[0 3 44 27 -13 8 -40 8 -20 29 3 0 13 -19 0 47 -23 -2 -19 -6 8 34 -25 -3 23 -49 -43 -15 -25 -35 37 21 43 0 -12 4 -29 33 0 -24 -21],38
[0 -26 -18 5 -48 2 -16 31 14 34 21 -46 -26],0
[40 20 -8 0 0 0 -5 -17 -6 -43 0 0 -43 48 -4 45 13 11 32 -36 0 -27 41],20
[-37 26 -48 -12 21 -9 -28 20 28 22 -7 23 -39 30 0 16 2 15 14 -39 3 -38 -25 1 15 24 40 -7 -50 -16 -23 -46 -49 6 -18 0],35
[35 -29 -32 27 -30 49 -35 -3 -48 -34 27 -11 29 -18 50 -48 3 23 -37 26 -32 -25 5 0 40 0 -33 -2 43 23 -6 12 25 -47 0 -12 43 39 36 0 0 -13 -31 22 31 36],40
[-32 3 34 -5 4 32 -5 -21 34 28 0 27],10
[14 0 43 48 -40 19 0 -43 0 -38 17 9 0 0 30 37 3 -39 42 24 0],20
[-28 -7 -19 48 29 0 14],5
[0 36 -1 37 0 -46 14 0 46 -2 22 31 -2 0 15 7 40 0 0 50 -17 10 -21],18
[5 29 -40 -47 -7 0 6 0 -19 21 -21 -24 28 44 -46 2 6 -40 -46 44 -5 -44 17 27 -42 -20 0 40 1 -26 25 -5 -24 -42 8 44 -12 -47 -16 -20 -11 -47 -41 -43],26
[-20 -47 -33 37 0 4 3 -36 43 -23 -12 0 0 -39 -8 -36 -5 19 46 16 -31 8 21 2],12
[-26 27 -25 -16 36 4 -46 -23 39 0 4 0 50 7 0 28 -14 21 -48 3 -38 14 12 21 15 -26 44 -25 0 7 -6 0 -15 0 -44 17 -38 -50 -43 -44 25 2 16 48 -34 40 -35 17],33
[16 -12 -2 -13 0 29 0 -9 47 34 -4 3 -38 0 -21 5 -26 25 0 -3 0 -8 13 21 -4 -39 0 0 -6 27 -10 20 -39],27
[11 0 15 -29 -44 38 19 -18 0 10 -42 0 43 0 6 -9 36 35 -46 40 48 48 -5 -25 -43 0 -46 -36 0 0 -39 50 -33 -30],29
[25 28 23 -39 -48 48 3 21 0 18 -4 50 -2 8 0 -50 -24 21 28 0 -43 -20 -34 26 45 8],19
[-43 29 -40 0 0 -5 0 -25 29 0 27],9
[-50 -49 23 49 -35 -47 -1 2 0 -26 -20 -26 26 -18 -1 12 -9 48 -50 9 43],8
[15 0 -25 4 -23 31 9],1
[6 -30 -17 35 -20 31 0 19 -31 18 -32 3 -6 3 23 0 2 20 -18 27 -24 -27 10 19 37 -4 -34 46 48 17 -28 -11],15
[-38 0 16 -13 -6 -41 27 -34 12 17 -4 -23 -32 21 -24 20 -6 9 35 -27 0 25 48 -8 -46 -46 -5 -23 45 -18 23 34 -29 -41 13 43 26 -16 36 31 -28 -14 -18 -45],20
[-28 28 -4 -28 -38 43 32 0 14 -39 -12 29 42 0 -8 -35 0 23 -21 -44 0 0 45 0 -39],23
[0 0 0 0 0 0 7],5
[-12 0 0 -19 0 0 0 4 0],8
[45 -10 43 0 4 18 0 -22 24 41 0 0 -48 37 34 48 0],16
[0 23 -45 -39 34 27 17 -36 -27 -4 11 34 4 -9 -50 14 31 14 33 -19 -5 0 -2 20 -19 -16 5 0 30 30 -33 43 -22 -9 25 7 -46 -37 -16 22 -12 25 6 -15 26 -8 50 0 0],48
[5 -6 -29 -42 -49 0 48 -6 -47 37 -46 -12 16 16 0 49 49 0 -5 -27 -43 50 -31 -9 -39 13 -31 0 11 -19 -13 -24 -42 43 -48 23 -50 -28 -44 25 41 0 0 -43 46 34 42 31],42
[-44 16 -25 46 -11 -28 -6 21 -50 31 5 40 35 0 -8 -9 -50 -25 -42 -19 35 26 -27 -36 20 26 42 48 -15 18 -9 -34 -32 -48 48],13
[48 -10 2 0 0 0 -43 44 40 0],9
[24 37 34 -50 7 -3 18 15 0 41 -33 13 28 46 48 -40 13 50 2 15 33 45 31 33 48 32 -31 -48 42 39 17 3 0 8 0 0 0 -42 11 7 26 -24],36
[-20 33 -6 -48 -27 2 1 0 -11 -36 0 -13 -10 25 -30 49 0 -1 0 43 13 35 -11 -47 -46 8 39 11 30 -49 -32 20 -5 27 25 -17 12 6 20 -5 -5],18
[-14 -35 0 41 32 -19 -9 15 -7 2 0 13 -26 18 -12 -5 -39 -20 12 -6 0 -2 -38 -46 -40 -5 23 24 0 42 -32 -15 13 -16 31 -14 47 -48 37 -7 45 42],28
[44 -48 23 -34 48 -17 -19 -41 0 4 29 19 -40 43 0 -39 -42 -17],14
[-23 16 35 -30 6 5 -5 44 40 26 -33 0 -15 33 29 -1 -14 47 -49 9 -37 -30 6 -27 -31 13 -5 6 19 -46 28 -37 -6 -36 -40 -50],11
[10 10 33 0 48 -44 40 7 49 0 0],10
[41 5 -11 30 -31 -16 -15 27 0 37 45 0 18 41 0 -24 2 22 -9 7 -15 37 -27 47 -32 -26 -14 0 -15 -37 6 -35 -46 46 34 46 27 -39 32 14 11 -4],27
[1 32 0 46 37],2
[-13 -21 0 47 -32 36 31 24 -7 0 46 0 -32 14 27 39 -41 35 38 18 -42 -8 11],11
[0 0 0 -22 0 0 11 46 0],8
[-49 45 -23 -42 -16 13 -10 46 42 -8 -8 -12 35 0 26 44 0 25 30 -18 -50 0 1 31 -39],21
[-1 13 0 -33 -30 23 13 43 -20 41 0 0],11
[-32 46 3 0 39 0 -39 19 -18 -21 28 1 -13 33 31 28 0 44 -10 -26 -30 12 -35 -2 -42 46 0 0 7 1 33 46 40 -35 -28 38 -34 -37],27
[-43 -42 0 1 -9 43 49 0 50 -1 -4 37 -45 0 34 -3 19 -3 32 34 46 2 6 -37 21 8 11 38 20 0 -29 -29 35 -27 44 -15 25 9 48 0 40 26 -26 14 15],39
[-45 -19 20 14 17 24 -18 -15 14 0 -43 49 -12 -15 -40 0 -35 33 49 -42 0],20
[0 10 0 3 -10 -15 29 45 0 -9 0 -36 -21 -18 28 42 -20 -22 -32 10 32 -9 -18 0 25 37 0 42 4 49 -40 44 -19],26
[-23 49 0 22 0 14 4 23 0 -35 33 50 35 -48 -29 -22 34 -28 -4 -29 -13 43 0 42 6 -32 -5 -16 35 48 -49 -8 15 19 48 44],22
[0 19 19 -17 -41 0 -45 0 0 0 0],10
[0 0 -27 26 16 0 0 0 22 0],9
[-31 34 36 14 48 -9 -44 34 -39 3 48 38 33 0 24],13
[18 10 38 0 -2 -4 27 -2 50 36 50 0 50 -16],11
[0 30 0 32 23 -28 -30 -14 -20 33 46 41 28 -45 42],2
[-44 19 -41 11 38 -10 33 10 0 -15 -21 43 -12 -19 46 -28 23 41 37 2 -22 18 -34 -11 41 18 -24 -50],8
[19 2 -2 0 37 -31 39],3
[-10 -20 -24 -32 26 37 -47 3 -24 -20 0 -32 0 10 -37 14 -18 -6 46 0 -48 -45 10 44 44 0 -42 -36 -37 -19 22 -2],25
[0 43 8 -17 -9 -3 6 41 -16 -15 29 -10 42 39 -4 -39 -21 -30 10 -17 -19 -45 19 1 3 -23 28 -14 4],0
[-32 -7 33 4 35 0 0 0 -2 -15 -33 0 16 -6 44 -26 31 0 15 35 -31 -32 0],22
[-2 18 17 13 -9 -48 -23 41 6 -21 -30 42 -37 9 -1 21 -31 -5 16 39 -3 -14 0 19 -23 22 0 -8 31 44 0 -46 36 -27 -40],30
[-22 -46 20 1 -43 39 -12 -45 -45 -44 2 0 0 0 50 -39 -17 -13 2 -11 29 0 -28 0 -9 13],23
[0 13 23 -20 0 -33 -40 -34 32 -28 -23 -6 -32 49 -22 13 -9 42],4
[0 -23 20 0 31 -8 49 0 0 0 -44 -1 -42 -5 12 -49 17 -14 -27 -31 -22 -10 24 46],9
[0 -5 0 44 14 -10 -11 11 -7 -26 -40 10 -48],2
[0 0 0 41 0],4
[-46 -49 0 -41 0 -30 0 -33 24 4 -39 -31 -19 -27 38 0 42 41 0 25 0 45 41 0 23 37 -25 39 -24 23 37 6 25 0 -41],33
[25 -29 -2 -44 23 25 29 35 -41 -32 0 -4 34 11 26 24 0 24 0 -36 0 -28 37 1 5 -31 -10 36 -19 -22 -36 -16 -6 -25 38 -38 -3 1 45 16 10],20
[0 22 0 22 0 0 -33 0],7
[5 -21 -15 -24 -10 23 0 3 -45 22 -16 -44 29 12 -30 -12 0 0],17
[-12 -48 32 13 0 33 46 40 -23 47 16 -1 48 18 -49 -30 -27 36 34 49 41 -18 0 -28 5 -32 42 42 0 4 12 39 27 -25 33 -45 -4 11 0 0 28 6 45 36 20 -8 -34 -49],39
[-9 45 0 0 43 31 -43 13 14 -46 0 0 -18 14 19 0 -13],15
[-40 -23 20 0 -10 37 27 35 0 0 -37 -22 12 -31 -6 0 0 0 7 -20 0 15 -17 -36 0],24
[-30 -14 -14 15 -8 7 -47 -22 27 46 48 -46 28 9 -21 -23 0 9 -4 0 23 9 -3 -49 43 -22 45 46 -31 -31 50 -39 -25 -16 0 -17 -42 -29],34
[0 -17 -44 -28 12 25 -32 49 16 -19 3 35 0 0 -22 10 5 -13 48 -38 -21 -48 -15 -40 -23 -30 -31 -12 -23 15 0 9 43 -26 -30 -32 -45 18],30
[22 33 0 0 0 -8 0 41 -6 0 32 32 46 -12 42 0],15
[31 -17 14 20 9 -20 14 0 0 34 -1 -5 -49],8
[49 -28 16 12 -2 -39 0 34 -27 -6 11 25 -21 0 37 0 0 -35 -28 -29 -10 -10 25 -19 -12 0],25
[-39 28 9 -2 19 -43 39 42 10 48 -9 -1 1 4 -41 -17 32 47 -16 -14 4 -47 18 0 18 -16 -27 -32 -49 -29 -35 -31 18 45 -18 0 14 36 -29 41 3 -11 -44 48],35
[-50 50 44 25 10 40 0 -40 -50 0 29 -29 -43 0 -50 0 50 0 -47 48 -20 48],17
[26 -41 -23 50 -46 22 29 -20 -4 38 0 -25 -2 15 -24 29 7 33 40 25 -32 27 -41 50 19 0 -38 47 23 9 -23 -23 26 -45],25
[4 35 -48 0 0 -37 42 0 -48],7
[-37 33 0 -50 -32 -12 -44 -4 10 15],2
[1 -10 0 -34 25 -20 49 0 -18 -27 0 -22 11 0 0 15 46 28 0 -41 -23 -24 -27],18
[13 0 -4 29 4 11 -17 37 5 -15 20 25 39 -8 29 -27 0 -37 31 -4 13 -8 -34 -29 0 -21 -31 11 -35 4 40 17 -11 44 -30 -16 -16 -12],24
[3 0 -33 50 -30 -31 13 -31 37 -17 22 0 0 46],12
[-43 0 0 5 35 43 37 3 0 0 -16 -40 0 0],13
[0 0 0 0 14 -7 -42 -28 4 -2 -19 0 -46 -40 25 -11 -9 38 -41 28 25 0],21
[45 -34 -1 40 -40 4 -6 9 -6 -37 -6 47 22 2 -20 0 21 -10 40 -30 -40 0 -7 29 36 0 33 -50 -8 -10 28 -33 26 1 -19],25
[0 46 0 0],3
[43 -33 19 16 26 -31 -36 47 6 -23 -36 16 40 -41 1 25 21 28 22 0 46 37 13 -47 -35 31 0 -8 36 44 -37 1 -46 -34 -41 48 47],26
[37 -33 -6 30 0 -15 49 43 43 -18 17 -12 -50 0 1 -6 0 13 -32 -30 -7 -6 3 -21 -2 48 -47 -6 33 26 13 39 50 -36 37],16
[-25 0 -16 0 49 21 -24 15 32 2 -19 0 6 -42 50 26 -12 -44 -2 -15 -32 -9 -15 -38 15 -33 0 -28 -30 22 26 41 -50 47 0 -17 -50 10],34
[0 0],1
[17 21 7 37 -12 -38 43 21 2 11 45 -38 0 -25 3 1 -24 21 30 35 0 -3 -13 0 -25 -23 -2 0 36 0],29
[14 -48 -34 0 25 28 0 36 -5 2 18 1 13 33 -4 -42 27 18 -43 -47 44 -48 -14 29 28],6
[38 4 -22 0 27 37 0 39 -48 0 0 -17 0 1 -3 -30 0],16
[19 0 1 0 0 -38 45 -31 -22 -2 -50 0 -26 -6 15 -22 0 35],16
[0 -47 0 -41 35 -5 0 0 -2 -1 27 28 -29 20 -15 0 -30 -13 19],15
[0 36 -25 0 27 0 -13 46 46 0 11 -9 -5 -38 40 9 20 12 -18 10 -31 43 9 11 -25 28 -33 0 -47 46 22 -30 25 -25 -18 15 39 0],37
[27 -6 -16 31 23 12 -21 -39 5 0 23 48 0 -49 -45 36 41 10 6 0 -19 -39 39 3 16 21 0 19 0 -10 45 -27 -32 21 -6 0 -37 -27 33 14],35
[-7 29 -48 -22 -36 14 -7 -2 -5 -30 -1 0 -30 38 8 -44 41 -49 -20 -18 9 34 -9],11
[35 29 0 48 0 1 -7 0 38 49 0 -13 41 45 -46 28 0 -42],16
[21 -10 17 -41 50 0 22 2 39 14 -41 19 6 30 0 50 0 40 -46 4 -11 -20 30 -9 -32 -46 50 0 38],27
[17 -38 -20 7 27 31 -22 0 -24 15 -36 -15 41 0 23 -46 13 3 -49 40 -49 0 -43 -23 0 12 10 -22 -8 13 37 -30 -25 -49 29 -20 -42 0 27 50 0 42 -5 20],40
[0 37 17 1 45 -45 0 0 -19 0 49 -28 -9 45 0 -25 29 -28 -1 -23 20 -25 7 -37 -10 45 16 36 49 0 -28 44 -33 19 46 29 10 -23 0 25 48 -50],38
[2 27 0 0 42 8 44 8 -12 9 -7 -9 22 -44 42 -43 -4],3
[0 1 16 0 -26],3
[-26 -15 -29 -4 -22 31 -22 -17 -5 1 -37 -32 -15 38 44 -42 6 32 -41 -7 20 7 0 47 -21 10 25 -16 50],22
[29 -9 -50 -33 -14 -12 50 -38 -25 0 11 -3 2 8 33 36 23 31 0 32 40 -32 -21 -48 0 -38 -39 0 -20 -17 4 -38],27
[0 -32 21 47 30 -48 -41 -36 -44 29 9 13 20 -16 5 -6 -25 11 50 22 43 -25 -35 -48 33 31 -29 -34],0
[-50 27 18 0 -6 0 25 -3 -32 38 47 41 -30 4],5
[-20 34 -24 -43 0 -50 0 5 27 -37 23 0 -37 -48 0 15 -18 0 -25 8 -40 46 0 -18 -11 -31 -27 -47 31 24 -31 -23 -46],22
[1 -13 -45 30 -25 0 -19 30 -46 18 42 -41 -8 0 17 32 12 13 0 -4 44 0 11 -25 -30 0 -27 6 0 43 47 -41 -34],28
[0 25 -34 0 9 -50 0 0 -20 0 0 39],10
[-50 0 -41 16 -4 -31 0 -43 -49 40 0 -23 33 0 -26 -4 25 -48 0 6 -50 39 7 -24 36 -11 37 -15 31 22 1 -7 40 26 0 43 -12 -47 -38 -26 -3 -18 -24 -8 -30 -27 -44 36 -34],34
[-42 0 -41 9 -40 22 45 39 -49 -16 23 -25 -25 41 17 29 -37 -31 8 45 3 41 28 23 0 -38 29 -49 -22 -19 14 -25 -14 48 -17 42 34 0 10 23 31 47 -2 0 -9],43
[-43 0 -17],1
[-16 45 0 31 38 16 -33 -10 -44 -11 -8 -12 29 -18 -5 24 -49 -47 -50 -31 -1 0 -44 -4 -8 -29 -44 -35 8 4 -30 -12 -27 44 -22 17 28 2],21
[-50 -37 5 38 20 26 -4 37 -39 -37 -14 44 0 7 7 -8 -15 -7 -48 0 40 36 8 -34 33 2 42 -49],19
[28 0 13 29 41 -41 -38 -4 -39 -49 50 3 -15 0 30 -1 -25 -1 -27 -9 32 -33 32 26 -50 28 0 -10 37 -36 -38 -4 22 29 -40 -2],26
[-44 -12 -11 -6 6 50 -6 -24 -23 -29 -20 -36 -38 -15 -22 -16 9 0 -9 -25 9 -47 31 22 3 2 -32 -22 -20 -35],17
[-4 0 -20 -10 0 35 36 42 -16 -14 -23 44 -21 38 -19 14 0 31 7 -38 11 -34],16
[-26 0 -25 -37 15 0 0 4 -28 -24 20 -42 50 0 -10 -18 -26 0 -38 2 7 -7 31 -50 14 0 29 39 -50 0 -44 3],29
[-50 32 -6 12 10 -41 -5 26 19 -24 -43 -24 -13 -4 -19 5 15 14 -41 11 39 39 17 38 18 -9 0 39 -2 14 -9 13 0 -45 30 -48 -20],32
[-1 -14 0 17 16 -27 0 29 -44 -10 -34 35 -6 48 -3 33 20 -26 -18 5 27 -9 21 12 -28 -31 -25 0 49 -2 8 31 15 8 44],27
[-18 0 7 -33 -19 0 -28 0 28 19 0 28 2 0 12 -26 -35],13
[47 37 -18 -13 -1 -7 11 -17 0 -11 -35 -3 -27 40 -23 0 27 -18 18 -40 -16 -48 -3 49 42 40 -16 31 19 42 37 18 -4 0 -19 -49 8 10 6 35 -44 24 6 -29 20],33
[39 0 -26 -9 18 -18 0 36 28 25 -25 -13 -22 0 31 -44 -18 -21 33 3 0 -28 -33 39 -3 -11 29 46 -50 -26 -48 -48 -32 19 -49],20
[10 24 30 -34 -19 -7 41 -37 45 40 0 -50 23 -21 0 22 16 0 41 23 6 44 -24 15 12 -48 -33],17
[0 -32 -20 -48 -50 0 -41 0 0 -14 -4],8
[-47 -48 7 1 -18 0 -41 -26 47 0 1 -27 -4 41 -50 38 -14 -7 15 10 38 0 34 33 15 35 -30 46 8 0 0 -5 -10 46 -31 -10 50],30
[-38 11 -48 19 27 -41 -45 -35 0 -29 -49 0 -36 -42 18 -9 37 11 -39 33 0 -31 40 36 0 -12 -41 -31 9 49 -34 -7],24
[50 26 0 31 -50 -6 37 2 -38 3 7 35 -47 -17 -40 14 -2 -19 -43 33 17 7 -36 31 0 -35 27 -17 41 19 25 -18 -47 -34],24
[-45 0 0 32 0 0],5
[-10 42 23 0 32 -46 35 -29 -34 25 -25 0 17 0 -12 22 23 28 -47 39 -49 -30 42 -9 0 -38 40 0 23 0 32],29
[18 -1 18 -18 0 -46 34 11 -19 -42 49 -25 10 0 21 39 -8 -15 -31 0 0 -2 -50 -13 -18 0 -20 47 -25],25
[12 -21 0 0 3 6 -10 13 -41 -45 20 27 18 0 -23 -44 -34 37 -5 16 -9 -15 5 40 35 -8 0 -11 -28 17 29 -31 -27 12 0 -17 -14 0 7 45 27 23 43 -33 -32],37
[0 -48 42 32 -33 22 11 -23 16 0 2 -22 -28 -38 -10 47 24 -7 -6 10 -18 0 37 38 41 -15 -17 30 -28 -15 3 -5 0 -33 19 36],32
[22 29 2 -15 40 -23 -20 36 24 0 11 -5],9
[0 0 46],1
[-47 16 45 0 -5 -48 -11 -50 0 -48 -19 -46 0 -3 1 42 -20 -14 5 14 0 -45 -37 0 -3 9 0 36 -35 -30 -42 35 13 10 31 50 -10 -32 -9 30 26 -7 33 10 0 -6 8 -23 28],44
[-12 -30 -24 0 -32 -24 15 -15 43 -25 0 5 0 35 10 -50 29 -8 15 13 -6 -44 -45 -36 -33 26 10 -50 0 4 26 12],28
[-15 -20 -45 9 0 26 29 38 -24 -43 -15],4
[-5 -31 41 -14 34 -40 -33 -11 19 0 0 33 0 -14 -20 -46 -13 0 29 -46 9 50 32 50 -42 -29 30 38 -43 -40 0 38 15 -10 -50 -17 -18 -40 6 16 0 -24 -41],40
[12 -8 -34 -2 0 35 0 0 -28 0 0 36 -19 47 23 0 -50 -15 49 36],15
[0 0 26 17 27 -27 -28 0 43 0 20 -45 2 0 33 0],15
[0 -49 -34 36 -6 46 -15 42 19 0 -43 27 0],12
[0 0 -35 0 0 0],5
[34 -9 34 -1 46 -11 29 20 0 -7 9 -43 35],8
[37 32 35 4 -32 -29 33 0 46 8 1 -22 0 35 0],14
[0 -26 -20 0 -29 31 40 38 46 -10 -7 -8 0 0],13
[-33 16 -34 7 -43 -34 -38 -17 -44 13 -23 40 -37 36 43 15 24 17 26 35 -47 36 -29 38 45 12 30 -47 0 20 -39 -35 12 15],28
[25 3 -27 11 -23 13 41 -49 0 -38 26 -10 2 26 43 4 -27 -47 1 -21 24 -5 -45 -44 36 -42 19 0 -21 50 -44 -27 -9 -50 33 -5 32 -14 -14 -17 46 -4 46],27
[0 -45 -12 -5 -3],0
[-32 42 27 0 0 4 7 -4 0],8
[44 -34 0 0 0 -7 4 -36 0 -12 -6 30 4 -7 -34 -50 -30 48 -16 -39 43 -22 28 -37 12 0 37 -10],25
[-45 -8 -27 20 0],4
[20 0 34 30 0 38 -33 19 47 -10 0 33 41 17 -8 27 -23 -31 -7 -39 -50 31 -12 1 0 24 0 0 44 -24 -47 -16],27
[48 6 -41 48 -47 -12 -30 9 -16 3 -4 0 -13 -31 -26 -6 -37 5 23 44 -37 -1 -29 -48 38 44 27 0 0 -26 -47 35 -34 -23],28
[-23 3 41 40 -31 44 -34 -50 -48 2 42 5 -9 -25 30 -27 39 41 -20 21 31 -17 -3 50 -15 33 32 11 38 20 -45 45 0 0 -37 -1 0 -14 1 9 4 7 0 -4 0 0 -8],45
[-49 -4 13 -47 32 0 20 -16],5
[-19 40 -29 -19 -46 12 -14 27 9 -14 9 -27 -20 -10 -13 19 -13 -29 -30 9 -20 8 50 33 -28 37 35 38 39 -12 26 30 -45 13 0 44 44 -43 -48 25 37],34
[-13 0 0 -40 0 0 0 -16 24 -42 -38 0 -4],11
[27 0 12 -50 39 2 -22 46 -49 35 16 -1 26 -4 -27 -12 10 -3 -16 34 9 -40 -49 30 4 -7 48 22 -22 -5 -40 10 28 14],1
[34 -49 26 -42 0 0 0 -5 -38 0 27 -28 -7 2 45 50 -42 12 -23 -35 15 -18 0 37 -7 13 -7 0],27
[-24 42 0 0 -5 -22 -25 -4 18 -17 46 0 27 -46 22 49 8 -38 -30 -50 -48 0 0 -16 -10 18 32 8 28 -15 0 -33 -15],30
[-24 50 -45 27 -21 -43 6 -29 -49 12 33 -23 0 -2 37 35 19 25],12
[0 12 -50 21 17 -34 2 -19 -15 0 -15 11 -38 -42 1 -10 0 -13 23 -7 -4 -28 2 -18 49 0 26 47 33 -37 40 -11 -9 33 -35 -20 0 -6 8 -31 0 -10 -10],40
[40 3 -30 -37 2 0 -42 13 29 0 42 -29 31 0],13
[0 25 -38 -27],0
[0 -24 -13 -34 46 9 0 -32 6 43 0 -43 0 7 -48 50 0 35 -31 37 -23 6],16
[49 18 -40 43 0 -32 -24 0 -24 40 0 22 0 17 13 -10 6 -21 -49 -27 -12 -10 30 -35 -18 17 -15 -39 50 -41 22 -30],12
[47 -6 -6 -16 -46 48 45 6 -49 16 21 23 46 18 32 3 50 -40 36 0 -26 45 7 -4 -16 -21 28 -12 31 40 0 0 -22 -32 -28 0 -44 12 -15 -47 0 -41 0 -28 6],42
[7 39 2 0 -6 -32 17 -10 22 8 26 38 -28 -35 0 -14 50 34 22 -43 47 38 -35 -50 46 -18 0 -32 47 -15 0],30
[11 -7 -28 -37 -32 -10 48 0 -14 23 14 14 28 -43 0 33 -15 3 -27 23 -44 -11 24 38 2 -20 0 -47 10 49 -49 10 50 -48 -2 -7 0 30 -20 -35 6 5 -25 48 17 7],36
[14 2 31 19 -15 -50 0 0 32 -23 -38],7
[45 -42 0 0 -32 0 -3 31 9 -47 -11 -44 8 31 8 0 0 45 27 -14 -40 -14 21 -39],16
[0 45 37 -1 50 -21 0 -2 0 35 42 -4 20 14 -36 -37 -7 0 -34 40 -23 -3 -45 -26 0],24
[40 14 0 -50 -45 -28 0 16 11 -39 5 -8 -10 18 -28 42 -43 -50 21 0 -24 -32 45 0 0 -20 -44 6 -45 38 -10 -31 9 -18 -49 22 12 -28 -37 49 -7 27 21 27 -49 -7 0 -25],46
[-19 -21 42 -3 20 33 24 -24 26 5 29 38 19 -6 -2 -44 4 -42 36 -32 21 -4 -15 43 8 -37 29 -44 -6 -28 -20 -48 -43 -3 0 39 22],34
[50 -27 -47 37 30 -49 5 0 0 16 -29 -6 4 -5 38 23 15 46 31 37 30 46 0 -19 -43 -48 0 -46 8 40 -31 -24 -6 6],26
[-42 38 31 48 18 21 -16 -2 -23 48 6 -44 -47 2 -18 49 18 1 -33 -27 16 0 39 47 13 31 -2 15 10 -49 -40 39 50 17 16 -38 24 -27 -11 -19 -30 0 17 -35],41
[-7 -11 -28 30 -8 9 0 2 42 0 21 35 -30 17 0 -5 -4 41 8 8 5 0 41 -34 -4 -29 0 48 0 7],28
[-36 48 -2 15 11 49 -1 -33 47 0 35 29 -42 0 15 -44 -48 -43 -17 4],13
[35 16 -5 23 0 -9 48 46 14 0 -24 -11 24 18 -20 42 -3 0 -24 -31 19 -39 13 0 10 -6 -15 16 -44 50 17 0 -16 28 -9 -8 11 36 -7 -36 -28 28],31
[1 38 -43 7 39 4 -6 34 -16 17 33 -1 0 28 26 -18 25],12
[-3 -4 33 1 -15 -10 0 0 -20 43 37 45 50 -1 10 18 49 -16 -50 0 -31 42 -11 -48 7 47 -45 31 -14 45 0 -30 10 0 30 41 31 44 0 0],39
[32 -38 -2 -18 40 36 0 17 25 42 0 -15 -25 -13 15],10
[0 -22 -2 0 -26 -45 -3 20 -10 -11 -25 -22 24 33 5 -14 -6],3
[6 41 6 4 -40 0 11 8 -15 8 34 24 39 -16 -28 22 14 -45 -43 13 10 -44 21 -47 29 3 0 13 -6 -7 -49 0 40 -30 50 30 -25 -3 -27 35 43 -8 -10 38 -7 21 20],31
[3 -39 0 -21 -35 0 -8 6 -18 23 45 49 -3 10 38 -2 45 -33 -32 31 -41 0 -35 -35 27 -8 -34 -2 15 11 -25 -3 -13 46 0],34
[-23 -43 12 30 -43 -11 39 45 0 0 4 -42 -38 0 -45 40 43 38 0 12 -34 42 -32],18
[0 34 0 0 0 -17 0 -24],6
[0 0 39 0 0 -9 0],6
[-6 23 0 -5 0 2 44 0 0 -38],8
[7 0 0 0 8 36 37],3
[-10 17 -28 11 -41 41 -17 47 3 -25 0 3 -50 39 18 26 0 0 -12 -17 0 0 -31 47 0 36 -26 18 -30 -48],24
[0 43 0 -7 -13 2 -38 21 -6 20 -15 -12 8 -31 20 -17 23 -9 40 -13 20 0 15 44 -36 -40 40 30 1 -14 13 -23],21
[0 45 -17 39 9 33 -14 15 -20 32 34 -46 37 0 -13 -30 30 -48 -39 -11 -18 -46 -50 11 41 29 -9 7 43 -5 6 1 -45 28 -29 -48 -7 -20 -49 22 14 -19 43 -16],13
[0 11 0 -37 0 -40 -3 -49 14 -47 -25],4
[-5 8 0 22 0 37 -20 -18 -50 0 21 28 18 39 -13 25 37 48 0 16 0 0 -43 0],23
[29 -10 -4 -27 32 -21 -26 0 -2 15 27 0 44 -11 13 -47 44 -37 37 45 1 0 -18 -48 9 17 6 0 0 22],28
[13 -18 -29 40 32 47 -21 19 0 -41 -32 14 0 0 35 27 -37 10 4 -14 -41 25 0 6 38 37],22
[-42 -6 -41 -44 -18 28 34 42 -13 7 23 19 -6 42 0 10 -35 -13 -48 -10 42 20 -8 45 23 -41 44 -1 -10 36 -14 20 15 40 -4 -5 17 0 10 -6 22 -8 6 -4],37
[27 38 41 7 4 -40 49 26 31 44 -48 -13 -7 -48 -23 -31 48 39 0 15 -27 -38 -7 48 -32 45 -39 23 -34 29 33 -44 -35 45 41 -44 -32 22 -4 1 15 -19 19],18
[-21 37 -6 0 0 -16 25 0 18 0 50 -31 34 -30],9
[-49 -7 -33 45 -34 -8 31 4 2 -28 -14 -49 45 2 -50 -24 0 -16 22 0 19 -3 33 -24 45 5 42 -49 0 0 -20 -39 -47 -2 -8 4 20 11 -30 25 0 -29 3 15 -6 -38 -20],40
[0 43 -36 34 0],4
[46 -44 0 -19 -28 12 -32 -47 20 16 17 -32 34 16 -18 18 -32 -10 -49 0 -18 8 50 0 0 -20 0 -29 15 32 -32 -20 47 -4 0 41 40 -24],34
[0 0 -13 0 49 -43 24 -27 0 7 5 -50 -25 -50 6 -19 -2 10 -46 -22 -21 -49 12 -24 18 11 -18 50 -41 49 0 -47 14 0 0 -10 39],34
[15 -14 13 9 -12 -14 1 -44 -4 -38 -21 -22 -13 -42 14 8 39 31 -17 -43 -22 44 11 -33 10 -28 0 17 0 -7 29 -4 -50 -43 0 39 23 -38 0],38
[-45 -10 -40 1 16 27 42 -40 2 -24 15 0 9 31 19 -19],11
[4 41 -8 -27 -35 0 29 23 49 32 21 24 -47 47 9 -43 -30 -8 0 -9 17 29 8 -22],18
[50 -5 0 0 18 -17 6 0 32 19 -29 38 0 0 31 12 -11 -3 20],13
[-26 0 18 37 12 0 16 -36],5
[-39 -43 28 -35 0 0 -12 -13 -36 -2 -47 1 -26 4 39 -5 44 9 21 -5 -34 13 -14 38 -15 -18 0 -26 22 -6 24 8 33 17 -4 17 39 -14],26
[-31 -34 -46 13 39 -18 -13 46 -15 6 0 25 0 0 -15 5 0 0 -47 -45 25 40 49 0 15 0 -27 8 45 -8 9 23 -42 11 22 7 15 49 27 -47 1 -41],25
[0],0
[35 9 0 0 0 0 0 0],7
[41 -31 24 25 -1 26 -2 30 -41 -40 18 10 10 -49 -20 31 -13 -49 35 37 -13 45 0 6 0 28 -26 -35 -48],24
[42 31 0 37 1 0 -29 9 -21 24 0 9 -26 19 47 -39 -45 0 32 35 8 35 30],17
[0 -11 -25 45 -23 -9 18 44 26 -15 -17 -21 -48 19 -1 20 41 -46 -49],0
[-46 37 -13 1 0 44 6 -49 36 6 -11 -37 1 -30 -28 -37 44 0 38 -16 -43 34 -22 -44 -41 -11 -40 40 6 -39 -42],17
[0 15 7 0 11 -29 -36 -29 -17 -3 -15 28 -49 -5 -13 1 0 0 -32 -26 -8 0 24 25 0 21 -1 0 8 2 -7 6],27
[4 0 -21 -9 12 0 -14 -27 21 0 0 33 -42 -20 27 -47 12 0 4 47 -19 -45],17
[0 -13 0 34 -36 5 -25 16 40 0 0 32],10
[-10 -9 0 2 25 30 19 0 0 -30 1 0 0 -50 31],12
[-2 -39 27 13 0 0],5
[-20 -26 -12 -30 -37 -46 -48 0 -45 -43 40 -27 -34 -38 -31 25 34 47 0 -8 -11 30 -37 -44 49 33 26 50 1 -49 0 0 -7 44 46 -34 -25 -32 6 -50 19 39 -10 -33 -40 -10 -22],31
[-37 -49 -47 3 24 1 5 12 -32 29 -7 -9 -6 -41 -34 -26 48 -50 24 15 -36 -38 -8 0 -34 -15 7 48 30 18 -13 4 1],23
[19 -10 4 -15 7 -21 -8 -33 47 -21 0 35 7 -15 44 -30 27 -17 -22 -30 -42 42 12 42 -8 -6 -24 21 4 -22 30],10
[35 -1 -22 -28 24 0 -44 2 -31 0 -37 12 15 -28 25 36 0 39 -10 0 -21 -13 40 0 1 34 17 1 -14 20 0],30
[-28 47 -16 -34 -15 14 -35 -33 -19 20 41 32 45 11 -7 0 -49 -34 48 0 34 0 -44 -11 -26 -12 0 -39 8 44 37 -20 -42 -4 35 -1 -42 0 18 46 -36],37
[0 11 50 -40 -13 -30],0
[-38 -37 12 9 16 -39 28 -22 42 -15 0 -5 -26 -14 0 -8 -19 39 -23 -36 25 0 13 -34 -13 24 3 -37 28 19 33],21
[-42 -28 34 32 0 -15 0 7 37 -25 0 -17 33 33 0 0 14 -29 -21 31 -47],15
[0 0 0 0 0 0],5
[-24 -44 -8 -1 11 -49 16 4 10 -36 -24 -40 31 0 -22 0 50 22 -19 13 -3 20 32 -50 -49 -4 13 25 -49 -42 -33],15
[0 0 0 -7 0 0 0 -48],6
[37 -18 -27 16 0 0 32 0 11],7
[-19 32 0 0 46 -12 34 48 -7 43 4 28 0 0 9 38],13
[45 30 42 -40 34 9 47 31 13 -17 -3 29 7 6 39 -30 -21 -4 18 -2 46 -9 17 -31 14 36 -1 -23 39 -13 -33 0 0 -13 18 -41 -10 -1 -43 14 -22 0 -41],41
[-47 -26 0 13 -1 0 -24 19 37 4 36 32 -45 -32 42 42 -23 15 -32 35 -14 -27 -6 -2 36 -34 -9 46 -16 31 -46 15 16 -50 44 -40 12 -8 -3 -6 -6 2 38],5
[0],0
[17 -9 -22 48 0 10 18 38 5 30],4
[-35 -19 -10 0 0 -39 10 48 -5 40 0 -46 -29 -13 -12 -37 -49 39 -16 -12 -4 -29 50 42 -11 0 11 0 25 14 -8],27
[1 -1 -50 0 0],4
[-18 0 -18 -49],1
[34 2 19 0 -43 -40 0 50 8 4 -29 -11 35 0 -11 -11 48 -5],13
[-50 34 -31 -45 0 -14 44 49 -1 -19 -23 41 -18 -16 -35 5 -19 0 15 49 23 42 -10 -15 -41 26 -18 10 -20 43 0 -2 -23 9 -21 -27 -31 -45 -42 0 -48 -40 39],39
[9 -3 0 0 0 -37 0 0 49 35 -37 0 -35 0],13
[26 27 0 -40 3 -3 10 49 18],2
[-31 7 0 -27 -36 -3 -30 43 -16 5 -40 0 0 0],13
[39 -41 -13 25 -33 44 48 6 0 -33 -38 49 -33 -36 38 24 -28 47 6 -4 -37 -10 -31 3 0 0 49 16 49 32],25
[-48 28 39 31 1 32 22 -1 -42 6 -7 41 28 33 16 -45 6 -23 -17 33 -20 -3 24 36 -32 -40 -39 -13 -17 -13 -8 -27 -30 0 -23 32 19 -35 -39 -22 11 39 33 0],43
[-37 4 14 18 0 -36 0 0 -35 0 -40 26],9
[-46 -10 26 -12 0 -5 -16 -17 -40 47 -43 -11 -15 44 -31 -19 7 -43 45 29 44 3 -23 -1 18 -38 39 -41 24 -21 -8 26 -48 -49 36 -16 5 -34],4
[-2 0 -28 19 25 -15 9 -31 -28 0 38 -6 45 -20 45 -4 3 -50 -24 -39 0 5 13 0 16 -15 13 -5 0 3 38 -18],28
[21 48 0 21 -46 0 36 -14 -34 0 -15 -20 -28 -2 12 16 -8 16 0 -25 15 11 0 -17 40 8 -9],22
[-35 32 0 32 21 0 1 -45 -44 -32 34 -49 -17 18 8 -28 -19 -8 42 -15 0 5 10 14],20
[-30 50 24 44 13 0 12 49 47 -14 -15 -20 -48 47 3 -5 46 46 -4],5
[-12 14 1 26 -7 34 -25 -34 0 -2 11 35 -17 -12 29 29 22 -8 -29 16 -12 46 40 -14 21 -40 -39 43 -8 -20 45 -17 -9 -1 41 -19 10 3 4 0 22 12],39
[-24 -41 -43 18 4 26 -42 0 0 -37 -8 -14 17 -14 24 30 46 10 -24 13 7 23],8
[50 49 -44 -2 0 -50 24 -45 0 37 23 -2 -30 28 -23 -25 -14 0 -16 0 0 0 -40 30 -6 -22 -36 -47 50 29 0 10 -50 -27 -2 -1 48 -34 46 -45 -37 26 -44 11 -8 37 -21 5],30
[0 -11 -50 22 -50 0 -43 -48 39 12 36 -28 13 30 -21 -35 -1 0 -1 19 17 10 -32 -32 -35 2 -40 0 3 32 -10 -30 1 26 -7 -14 14],27
[-14 -17 46 24 3 -17 -36 19 -11 -42 -33 0 6 25 -48 0 24 24 0 38],18
[-21 45 25 -37 -15 29 41 -45 29 26 -19 -12 26 50 -4 -31 -25 -24 41 0 14 -31 0 21 15 -7 27 -31 33 49 -20 -3 21 0 -39 16 34 8 28 -10 50 43 -11 20],33
[37 0 -34 3 23 0 -12 9 -3 -8 -11 23 37 8 -47 28 30 -27 27 6 -24 0 0 0 21 -11 -7 -30 -19 -15 -16 50 35 4 -27 37 30 -37 -2 9 -9 49 5 -31 0 10 26 48 -34],44
[6 37 -12 38 0 38 3 14 12 0 37 31 -7 -3 -40 -46 -30 -2 27 -31 0 -21 -43 0 -7 -8 31 23 9 20 -42 -5 32 -2 25 -16 -41 0 -13 13 0 19 25 -9],40
[-6 31 -41 -19 -6 8 -30 -38 24 -5 0 -1 37 -32 20 -26 39 -50 17 29 -45 23 -38 3 -27 -40 -28 -7 25 -47 23 -31 8 17 41 -5 35 39 24 -32],10
[26 18 29 -33 8 -35 0 34 -13 13 46 -30 3 18 3 41 -44 47 -23 4 31 0 20 -14 50 17 46 17 42 -8 -31 0 13 -17 -8 -31 -48 49 11 20 0 -16 -6 -16 -18],40
[38 9 -10 22 0 17 -8 -40 2 -1 5 46 -35],4
[24 35 34 0 17 22 15 33 0 -24 -17 0 -15 12 0 0 41 -34 0],18
[36 -4 -13 0 0 -29 0 18 -17 -45 -5 0 -9],11
[-21 0 0 -16 0 18 0 -32 5 49 -30 3 4 30 -36 35 0],16
[42 0 0 0 19 44 -29 35 18 36 -2 1 0 10 -38 -27 -37 35 -40 0 -16 31 8 -26 10 8 42 34 50],19
[0 0 0 0 0],4
[33 10 12 11 -17 9 -40 -24 0 36 9 31 -29 -18 44 47 -13 -2 -45 27 -36 -7 16 16 -44 -23 -3 3 27 17 0 -14 0 37 -46 50 20 -18 16 3 -32 -43 -20 -11 5 -29],32
[-22 41 -2 0 -25 13 32 27 -34 -34 41 45 10 -40 -40 -28 -13 0 -4 -43 0 31],20
[2 48 -16 21 0 26 -27],4
[0 14 13 0 37 -38],3
[-18 34 -7 5 -21 -22 50 -22 -3 24 34 38 13 -47 9 -34 -40 -38 0 -15 0 44 12 6],20
[37 0 28 -33 -50 21 -39 -37 1 36 -5 -8 46 -31 0 -43 34 -9 10 -34 -19 0 0 23 -8 -22 33 41 32 -5 1 0 0],32
[50 42 -35 -20 -14 -2 34 37 -43 -11 0 -44 -48 -38 24 16 50 -41 37 0 0 8 42 -2 5 0 24 -34 -8 28 14 -36 0 34 0 24 6 -28 49 25 -10 -48 12],34
[-13 -36 -41 -32 0 41 -34 38 41 -37 15 24 17 38 35 -17 0 -1 35 45 29 33 -26 22 0 -33 -11 -18 0 0 47 7 50 22 -18 14 18 -5 42 -46 42 24 0 11],42
[0 27 -49 49 27 -6 -18 37 0 -36 -18 -24 -32 19 -16 33 36 26 -10 -21 -2 31 3 -24 -25 -9 -12 -13 -42 9 16 38 22 -22 -10 -18 50 9 24 37 -17 -36 33 16 49],8
[-19 0 46 -2 7 -7 -15 0 43 0 23 -46 -18 -18 -14 15],9
[-2 34 -39 0 42 -16 -48 15 12 -4 12],3
[36 0 0 45 0 0 -48 10 -32],5
[27 39 -39 46 -23 -25 -5 18 35 -18 0 -13 -10 -26 -39 0 -28 0 -34 -9 -21 8 0 40 -45 -19 21 13 -45 31 11 -43 -27 24 -33 -12 -26 -37 23 46 -40 4 -13 -4 -49],22
[25 -42 -43 -16 -21 15 37 -47 -42 25 -41 2 -1 -9 -29 0 38 -28 15 20 -18 -17 -22 41 -49 9 35 30 -22 37 -34 47 -26 -47 -29 -4 21 8],15
[-46 -27 0 38 0 -26 -47 -38 0 -7 -50 -22 15 -3 -44 -41 -50 29 21 23 29 -2 50 -41 -43 -6 20 -45 -39 -22 -28 19 -8 0 -22 50 -26],33
[-39 -16 -36 -47 0 -47 33 -17 0 -2 24 -24 -40 7 0 36 -31 41 -26 31 19 41 33 39 -45 3 0 -10 47 -13 -9 6 30 -17 -19 34 29 1 -8 -26 36],26
[-14 0 0 -32 -50 0 -4 42 0 -17],8
[-15 12 -24 43 -32 -3 -27 40 13 43 21 2 0 -37 15 -24 33 -44 38 28 44 27 -45 29 0 0 -49 0 8 9 31 47 -23 -37 50 44 -39 -10 0 13 6 47 0 -12],42
[50 -29 0 2 0 47 27 0 0 -35 -32 -43 43 -3 -45 0],15
[11 31 -3 -47 -32 -30 49 -48 6 25 26 0 -30 0 -45 -15 27 37 24 5 0 37 0 -1 -9 6 0],26
[0 0 3 4 29 0 22],5
[12 -41 -19 -41 10 0 -32 20 -24 3 49 18 -43 -30 26 0 38 35 0 -21 -47 -4 -39 -41 -29 -50 24 33 26 43 21 6 38 -14 28 -23 0 -32 -42],36
[45 11 40 41 47 48 0 28 -45 31 -44 -27 45 33 12 30 15 0 -40 18 -20 -20 -44],17
[-41 5 49 -4 -48 23 20 22 0 44 6 -26 46 -20 -37 6 0 0 -42 -39 0 36 0 18 -41 39 -33 25 39 0],29
[0 0 22 -35 -48 -40 -20 0 46 -39 0 9],10
[32 14 32 28 -30 -25 0 45 48 -36 4 -14 37 0 -44 -19 -20 1 40 29 -15 14 18 47 -15 30 -8 8 35 1 -29 5 -36 -29 45],13
[0 -16 6 32 -13 0 6 31 -15 15 -3 -40 42 -46 24 33 0 0 -36 28 30],17
[-41 -38 3 -6 -1 0 0 25 -18 13 12 -45 30 -28 -1 -2 1 3 9 33 8 0 48 -33 48 -22 0 0 -10 5 -29 -11 -39 -11 13 -8 -43 -37 6 -24 -43 -44 32 -39 47 -42 -11 -40 27],27
[0 15 0 0 0],4
[27 49 26 32 -28 -26 46 17 30 -16 -7 -37 44 0 0 35 30 32 -18 -9 -16 9 -48 -3 -27 25 0 -28 -19],26
[23 0 -4 38 7 -9 15 -19 42 -7 -25 -39 -20 0 20 6 -48 0 31 38 -42 -44 23 -42 -33 34 -13 7 -14 -42 5 19 3 -22 -3 0 20 25 14 -48 0],40
[0 0],1
[-7 0 44 0 -26 34 0 46 45 6 0 18 26 0 -25 10 0 5 49 -19 17 30 43 -42 26 7],16
[47 18 -5 47 47 -5 15 26 23 0 -28 -16 0 41 -15 44 30 46 0 3 0 -26 -42 0 38 -11 0 -23],26
[33 0 -48 0 0 0 -35 29 -28 -41],5
[0 37 0 -36 42 41 -21 -12 4 4 0 13 28 -7 29 41 -25 -44 13 7 4 29 36 26 -29 34 44 0 -18 -10 0 19 -47 27 3 -23 -45 37 0 -17 28 1 46 -37 45 24 -13 -14 44],38
[0 -9 4 26 -12 0 -40 -8 12 -5 35 32 0 0 -45 29 -47 0 -12 0 0 12 -24 44 1 -44 -33 43 13],20
[3 0 44 -45 -17 0 35 37 -44],5
[15 2 14 -35 49 -28 30 20 14 42 18 -4 23 -8 0 11 18 -16 27 -9 1 -11 8 45 16 13 -42 37 -11 26 -22 -37 -19 -2 38 28 48 16 -16 8 -6 38 22 -7],14
[-31 15 13 0 0 0 0 -35 -16 0 0 -8],10
[0 49 -31 1 26 -37 0 -14 31 -1 -41 17 13 -31 49 7 -39 44 -2 -48 -7 0 37 -44 -9 5 -47 -11 -29 19 47 0 41 0 21 21 -40 -50 -48 -28 36 0 19 -11 41 0 50],45
[43 1 42 47 -16 0 10 40 18 20 30 4 15 22 -21 -14 31 -14 11 6 -35 -33 -14 -38 -36 0 20 0 -16 11],27
[0 0 9 -47 24 -36 0 0 -29 0 0],10
[44 -8 25 31 21 -2 48 0 -45 7 48 -22 49 33 -48 0 -17 -17 -1 40 0 2 23 0],23
[-6 -43 -41 -31 -15 -24 -37 30 0 0 -22 -27 -26 0 30 -3 -4 0 48 -36 34 -4 0 19 16 25 -27 -11 -35],22
[31 0 -36 32 32 -4 -31 36 0 2 28 21 48 45 10 -7 14 0 41 0],19
[0 34 -46 49 -9 37 -24 -16 4 43 9 -23 -32 20 -25 -25 47 46 12 0 0 44 34 0 24 34 -41 2 -20 -11 0 -36 22 -25 10 47 -37 49 38 -48 6 14],30
[-12 48 41 -5 46 -32 37 29 -2 -38 -43 18 -33 32 -43 32 25 -46 0 -12 -50 16 0 -7 -17 -26 -21 37 -14 -20 25 34 -33 -2 -2 -44 -23 -14 -10 0 27 -26 39 0 -39 30 22 -50],43
[-39 11 -20 -14 -40 50 -49 0 -19 -38 -5 16 41 -34 -44 -41 -43 1 13 -13 35 39 0 42 -17 -37 -6 -22 -10 -36 16 49 5 46 29 16 0 -25 -42 -6 0 -16 -1 7 0 0 29],45
[-37 0 9 48 15 -48 34 42 0 -35 13 27 19 18 -5 -47 -33 0 33 -14 -27 40 42 32 -11 45 -25 -17 -17 -9 -24 -20 0 -20 46 -15 18 -21 5],32
[0 8 49 -40 0 18 -45 40 -6 -22 25 0 21 -10 -16 37 14 27 -31 26 -20 25 -38 33 -14 -16 0 49 20 1 8 -36 -46 38 -43 -37 40 37 -40 -33 41 0 -35 29 0 -1 24 -44],44
[-25 -8 -27 -10 -14 25 0 22],6
[37 -1 32 2 -35 -42 -21 -43 -17 -42 0 -4],10
[-32 -8 29 -41 -43 -10 -5 0],7
[-46 -48 40 18 45 3 0 0 -39 -35 7 -16 -48 11 -40 -32 14 17 8 50 42 4 44 36 -32 0 5 -31 -38 25 -32 -30 43 -28 0],34
[50 37 21 -9 32 -30 21 -31 39 4 28 -21 0 -15 23 7 0 -25 6 -23 26 -20 -12 47 0],24
[0 0 4 -45 20 -10 0 43 -24 2 -3 6 -3 -8 29 3 -36 49 -41 -38 38 -3 0 35 24 -10 -31 19 1 -31 14 -50 9 6 -17 0],35
[0 25 -4 -21 -23 0 -6 45 9 -2 -2 -14 47 -1 47 36 -6 -38 -24 -49 25 -49 -29 -32 -44 49 22 -18 2 29 37 -38 8 0 40 -15 -42 12],33
[-42 -21 48 -45 0 0 25 0 -28 35 15 49 -7 37 0 -12 0 14 40 -15 -36 0],21
[-40 -4 16 -32 -37 35 -41 40 38 -32 19 50 -15 -21 -16 -29 0 39 -22 -12 -34 37 -32 -25 -25 23 -14 -25],16
[-11 -49 0 0 0 -24],4
[-44 -23 36 0 -22 -13 -20 21 -37 24 30 -13 -5 -21 43 29 -4 27 5 36 -12 45 49 -14 32 -29 43 -49 -42 19 37 2 0 -43 49 -42 -45 37 50 -19],32
[1 -33 0 7 -18 0 0 0 9 -43 3 -7 0 15 -46 46 2 9 -1 -18 -7 32 47],12
[-16 20 34 -16 18 4 6 5 18 0 -34 2 -16 3 -11 24 24 -30 0 26 30 27 3 24 37 -23 0 38 41 -37 -44 18 0 13 45 9 -4 -48 -15 -19 3 -44 0 0 -42 0 -16],45
[0 42 49 -9 18 48 23 0 34 45 0 -47 26 21 -38 41 -10 -3 16],10
[0 -40 -14 32 41 -4 0 6 17 2 0 -36],10
[0 -24 0 0],3
[0 -9 26 -10 -33 -47 -8 34 -12 -47 -50 -32 0 1 -29 -14 -37 34 -39 50 19 -15 -39 -21 40 26 24 0 -47 1],27
[-22 0 8 0 0 4 0 0 24 -33 31 -4 -44 17 0 -31 -9 5 -16 24 -25 -40 24 22 -30 10 24 -48 -42 30 35 16 -15 0 19 2 -13 -36 32 1],33
[-26 -39 -42 -9 39 -18 36 47 -43 15 10 -36 27 -14 -7 6 -38 -4 -33 16 3 -40 0 -27 -24 -5 32 2 0 42 10 41 23 -49],28
[27 -2 -11 28 -12 -40 0 37 -36 -27 0 41 -27 -7 -49 -10 13 -30 -39 43 26 41 -23 -50 14 40 -20],10
[39 25 38 -19 12 -19 -25 22 -25 -27 48 -6 -39 -9 -50 14 -46 -24 0 12 -4 -39 31 45 50 -8 -44 1 0 45 46 10 34 -17 -17 -14 -27],28
[0 -42 20 5 -5 0 19 -27 48 16 -45 31 -40 11 -3 21 -46 -21 -24 -7 30 19 36 -11],5
[0 0 0 -11 -3 43 -23 34 24 22 27 -10 42 0 28 -16 0 -39 -12 0 -39 -5],19
[0 50 -32 33 0 -24 -14 -23 -38 1 27 48 29 0 0 -46 0 -22 47],16
[9 38 -32 12 21 -20 -42 30 -46 -1 9 45 45 41 36 15 -7 -14 31 -10 32 0 -29 7 12 12 28 40 -12 -37 4 25 22 -18 -20 -38 -46 37 -12],21
[-16 -45 32 0 -24 7 0 -48 6 9 -21 0 16 0 26 -38 0 41 0],18
[-46 9 31 -37 -35 22 47 8 -45 -44 -3 -27 0 -36 9 3 15 24 -43 -25 -24 -33 15 -33 -20 4 37 0 11 38 -26 -12 22 -23 -44 -37 -29 -12 0],38
[-40 -7 39 31 0 7 -48 -35 -41 5 -41 -20 0 -26 -8],12
[0 -2 -16 -4 0 -9 0 20 -20 -5 -13 -17 30 0 39],13
[32 -19 15 6 -7 -47 -32 42 0 -14 33 -3 -5 -46 -17 -48 -39 35 -16 50 -11 -2 -34 21 -45 20 -45 -1 0 -10 -33 32 -22 -15 40 0 13 2 -39 -16 -37],35
[-11 0 17 -2 2 6 -46 37 -31 0 -32 -32 0 -34 0 -17 -49],14
[8 36 -46 0 0 0 -8 -50 44 -46 18 6 0 -49 -29 -11 25 0 -2 0 -26 -15 35],19
[12 0 9 31 0],4
[-42 -39 -14 27 -35 -25 47 47 48 4 0 38 -21 44 -28 -16 -28 39 3 -39 46],10
[0 -4 0 0 -12 0 -25 -25 -38 0 33 11 0 10 3 -38],12
[48 -14 -17 -22 33 33 -34 -41 -32 0 -30 -25 -3 32 -37 25 -36 -43 28 41 -13 -1 1 45 -7 13 -43 49 0 18 -40],28
[-9 -23 -6 -31 14 -20 48 -11 22 -21 48 45 24 0 33 7 0 -22 19 21 -36 20 -26 0 10 -26],23
[0 -45 6 0 5 0 27 -18 0],8
[-8 0 0 -34 42 0 42 0 0 6],8
[1 -6 21 3 14 21 0 32 -19 -48 0 47 -29 45 -37 15 -46 8],10
[-40 29 -45 -39 18 23 50 0 -3 -21 -5 0 42 13 -1 -19 22 16 12 21 -29 50 -36 -48 32 -28 -41 -4 -43 -27 21 26],11
[43 -37 -20 26 32 34 -3 -42 -25 35 -49 -25 20 -7 48 19 21 42 9 48 -4 27 -30 22 23 -40 47 -2 -33 -45 7 -46 0 -19 -10 44 -3 47 -4 43 9 0 -19],41
[-18 -25 -35 -13 24 -11 -31 43 0 -4 -6 47 0 -33 38 -10 -11 -2 -42 26 -48 3 6 39 -23 25 44 21 14 -1 0 46 -29 -35 -27 17 -2],30
[-37 -7 10 0 -5 -1 15 -47 34 -17 -28 -28 -42 -45 41 21 -36 13 4 -2 43 -36 -45 11 11 22 15 48 -14 -22 -9 -10 -44 -26 0 0],35
[28 0 7 -32 15 21 0 -3 9 10 0 -17 0 -38 48 26 1 -17 -25 16 -43 -45 -49 13 10 29 -49 -18 -27 -31 23 14 48 38 0 -22 -39 0 2 -27 -26 40 -22 23],37
[0 0 -17 -33 0 -43 -29 18 0 20 -8 36 7 0 -25 -21 0 50 2 -19 28 29 -37 -37 17 24],16
[0 0 0],2
[-40 0 -30 12 -6 10 -39 27 -23 0 0 -50 -8 48 -19 29 45 -33 22 -36 -38 12 -22 -44 12 -2 39 -42 -39 45 -9],10
[-14 -4 -5 0 0 -30 45 -2 1 17 0 -39 11 -4 0 -35 48 0 13 -19 -33 -38 -33 -49 35 48 46 36 -13 22 38 0 -9 -39 0 40 -3 -33],34
[13 0 0 45 -18],2
[-26 22 17 -43 36 24 -2 -30 -45 15 -2 8 47 -18 13 18 38 -9 7 46 0 0 18 10 -27 13 31 8 -22 18 32 23 -40 -31 0 13 43 0 14 40 3 -7],37
[-17 29 -16 8 4 12 5 33 48 -45 33 -21 43 28 -3 -48 2 27 3 -48 -9 -42 -21 50 29 0 41 -22 -12 35 -39 -18 30 -47 -13 12 0 -32 20 -10 4 -33 11 21],36
[0 25 8 18 -49 -18 0 0 -50 -3 -20 -27 38 17 -33 4 -17 0 38 0 49 22 1 0],23
[0 -32 29 50 20 0 0 28 48 -6 23 -7 -18 -39 -5 -18 22 48 0 -6 -16 -12 22 -12 -30 -49 0 -23 -17 -18 0 -35 -4 -9 6],30
[-14 38 -46 -2 36 25 -26 -26 -20 48 -41 -21 45 0 -11 14 46 18 9 47 -19 28 13 -50 -33 0 18 -11 -17 0 -9 0],31
[-47 -22 -35 40 -46 45 -13 16 0 -24 -30 -25 35 14 38 -4 42 -23 -10 16 0 -7 41 -19 30 -47 17 -16 0 -11 12 -33 -5 -31 -26 -6 26 37 16 -13 41 0],41
[2 -9 -1 21 -8 -23 -28 50 0 -37 48 -1 9 -20 -19 -18 24 -21 45 -1 27 -46 -49 29 31 19],8
[0 49 14 0 0 0 0 -50 0],8
[0 0 -26 -12 43 -45 0 0 0 -20 41 -18],8
[19 -19 -30 -3 -20 -24 18 11 21 46 23 -14 -13 -34 -9 -21 43 -32 34 -49 -12 -31 0 30 -6 36 -14 0],27
[-49 -10 0 0 0 -38 0 -50 34 0 0 -7 -2 44 -6 14 -1 28 -29 0 -39],19
[5 6 -35 -10 -29 43 5 -24 35 -7 -1 48 -22 30 0 -7 -49 -40 -11 -18 -22 16 18 -32 31 -15 26 -16 6 12 -46 16 38 25 -42 -11 32 -45 -3 10 33 -33 37 -46 33],14
[44 23 -32 28 16 -10 32 47 0 -31 18 -19 -28 0 -43 0 0 -33 0 -16 -41 2 -1 6 -10 -47],18
[-3 0 -35 -44 -41 2 0 16 33 24 48 0 37 0 49 0 -6 -27 46 44 -39],15
[0 -3 0 -34 0 0 0 0 -15],7
[-49 21 33 2 0 -44 -21 2 0 33 -32 -22 22 -43 -36 17 -35 -26 0 33 37 40 -23 -27],18
[-49 0 50 50 20 0 -9 -33 0 0 -46 -36 -49 -37 14 0 0 -10],16
[37 10 -3 -27 38 0 50 23 -19 0 11 -44 17 0 -49 -48 -44 11 8 0 0 -16 -4 -44 -15],20
[11 -49 0 -35 11 10 0 -31 26],6
[5 25 -50 -42 -45 -18 -11 19 0 -35 -38 0 40 0 11 18 13 8 -1 -26 -1 0 8 45 10 23 -27 0 -25 32 10 28 -6 -38 -30 18 0],36
[8 -31 0 16 11 0 -30 48 31 27 18 31 0 -10],12
[0 0 0 0 0 0],5
[-40 -44 28 -3 -28 -13 -31 -23 5 -5 10 -47 42 19 -35 0 3 32 47 -4 14 16 16 16 5 17 -5 -20 13 -10 -9 44 -41 27 -50 29 -13 35 -10 6 23 47 0 27 50],42
[0 21 -34 -7 -21 42 -34 -7 -33 -5 -34 -46 24 0 -1 -13 8 0 -38 33 -15 -7 -24 -50 28 -40 31 -50 -7 -23 50 0 0],32
[43 0 0 -33 48 -43 38 -24 0 0 50 -6 6 0 -15 -6 -47 -43 1 -14 -22 -25 38 37 0 14 -47 -23 7 -48 29 -41 -21 41 -6 -10 37 -44 -42 5],24
[-7 48 0 -31 0],4
[26 49 -24 -11 30 -45 33 2 15 7 43 -38 28 0 -15 31 21 20 0 6 -42 27 -2 0 47 -34 37 11 0 -1 38 -47 49 -32 19 -40 28 -22 -5 49 0 33 44 26 21],40
[-13 -15 50 -38 -13 -14 -7 -11 -30 -13 31 11 -27 -50 -38 8 -23 0 -49 -36 -15 -7 0 0 20 0 -43 -16 5 49 22 0 33 33 25 -48 -39 1],31
[20 0],1
[-18 21 -40 -8 -34 0 0 49 -50 0 19 21 -22 -25 18 -43 -19 11 0 -24 -6 1 39 30 -12 -25 -39 0 -21 50 9 -17],27
[0 -46 0 -36 0 7 26 -17 16 -24 -10 13 -5 20],4
[0 33 3 20 15 48 0 -42 0 0],9
[6 25 8 -37 24 0 0 0 0],8
[-49 -43 0 17 -47 43 -22 27 -36 41 -45 29 29 -6 -45 38 -14 -26 0 41 -33 32 0 0 49 1 22 0 13 -35 12 0],31
[-16 -6 23 13 0],4
[0 7 0 13 28 0 35 49 0 39 -7 -29 26 0 23],13
[1 49 -48 8 0 -8 -35 -19 12 -14 30 -7 41 0 18 -43 -17 19 3 20 0 -50 -37 -8 46 7 -41 -48 0 -3 48 -31 -34 2 -23 27 -31 31 0 21 30 -6 10 0 -10 39],43
[-49 -36 -43 -25 0 -43 14 22 17 0 -4 -13 6 35 42 34 9 -44 34 14 44 -48 7 4 12 44 -48 -21 -38 16 -44 44 -2 19 -8 16],9
[-23 -5 -38 -30 -49 45 39 -34 26 -33 49 -7 19 -47 -29 -32 0 -19 34 28 0 21 29 46 1 45 -28 38 50 3 0 34 -22 -48 -39 19 -50 -15 -10 40],30
[28 14 -25 -12 -24 15 -40 27 41 48 -25 -15 -41 4 -28 -1 45 33 0 -1 19 -35 -14 6 -16 -22 2 25 45 28 -33 47 -37 0 22 43 -22],33
[-23 48 0 -31],2
[-19 17 -20 -45 -17 -19 16 27 -34 -3 -24 -44 -7 24 14 42 20 30 29 0 22 -3 44 34 11 -45 2 0 26 15 0 -24 0 0 -22 -7 -37 -33 -15 47 -14 -22 -15 -16 -30],33
[0 0 5 -12 -39 0 0 0 -11 -49 29 -30],7
[36 0 -22 -35 3 -13 -30 0 7 -31 0 43 -50 33 0 -45 7 46 -24 20 33 -33 -34 -37 -4 0],25
[20 38 46 -2 7 0 0 0 -25],7
[-38 -29 34 14 -48 0 -10 37 25 -26 22 6 -38 6 -28 9 -50 -2 30 -50 50 8 0 45 -9 0 0 16 -20 20 10 0 -15 -16 -27 22 0 -36 1 47 32 -48 -8],36
[-26 2 5 44 -24 -47 -12 5 11 37 -50 -41 -38 -21 25 0 -50 -18 1 -41 0 -3 22 -29 0 35 -22 24 28 -26 30 -8 0 -44],32
[29 0 -42 -13 0 -49 0 -8],6
[-44 12 6 0 -9 -27 35 -25 -31 24 0 30 0 45 18 47 0 28 -14 -15 -6 -16 -1 -20 29],16
[42 38 0 -47 -36 43 -47 -26 -46 33 0 8 44 -42 0 21 49 0 -9 28 2 0 3 0 31 0 -35 -14 -48 50 28],25
[0 -27 0 3 13 0 1 -23 0 -13 29 34 -2 22 -44 32 -25 -1 -27 -45 -20 5 31 -43 -37 -23 39 0 -20 -8 0 39 13 -36 3 -49 33 0 19 28 -43 -49 -4 39 -14 1],37
[12 25 -18 21 43 -19 -35 11 47 0 47 -37 -12 40 26 -22 4 23 8 -36 40 0 39 -35 -47 17 5 24 -37 -13 3 -34 13 -10 0],34
[3 0 16 -9 0 -23 3 -26 37 43 17 5 39 2 -48 -33 -42 -18 -9 -12 48],4
[-34 -4 -37 0 14 -29 10 31 -4 -15 30 0 50 -20 -12 49 -10 36 4 38 -19 -37 0 41 -18 34 -33 -21 -24 -34 -40 15 15 -41 16 1 0 -39 30 0 0 10 14],40
[41 -23 20 15 -26 -45 0 -46 -22 11 -39 20 -32 -17 39 24 30 0 8 -44 -26 10 47 -26 0 -47 15 41 -3 0 11 -9 -36 -45 -20 47 -40 -39],29
[-25 0 0 2 31 0 0 48 16 25 35 38],6
[-30 0 36 -21 -25 -14 0 0 0 23 -10 0],11
[0 0 36 -45 -18 40 50 11 22 14 41 10 0 49 -23 -3 0 -27 13 0 9 -49 -6 24 23 29 -32 31 48 28 -10 0 17 -22 -1 -27 0 -4 41 -11 5 7],36
[28 0 13 0 -29 -3 -33 -9 -6 -16 -11 -27 14 0 1 -31 -22 24 -48 -11 32 24 -2 -33 -2 -9 -32 0 -1 36 -12 15 46 37 -15 -3 -3 37 34 9],27
[-2 50 0 18 0 10 -31 13 14 19 -50 0 -47 -7 30 47 -44 -21 16 -11 0 -16 26 26 -39 0 -1 -25 -6 -1],25
[0 -10 0 0 35 -45 -1 -17 -14 0 44 0],11
[-37 0 0 0 0 0],5
[-14 17 -47 25 46 45 0 -22 0 -26 -16 37 -21 -11 -48 30 26 -9 -33 -24 44 50 18 -20 -16 16 11 -11 -38],8
[-19 0 0],2
[16 24 35 -9 30 24 -10 22 -5 -29 48 31 -48 -42 -1 -50 -42 -4 -15 8 44 -26 -43 7 47 37 0 -23 -19 -4],26
[48 7 30 38 -49 -9 -40 46 -26 29 -24 -27 4 0 43 2 0 -28 -28 -1 -41 -38 -21 -31 -39 5 -46 22 -19 -41 9 -47 -48 -1 -44 -32 -9 33 30],16
[-38 0 0],2
[-21 17 -20 16 -14 1 0 -23 -1 3 -35 22 28 -15 -41 -20 -20 15 46 0 -44 0 -10 -37 -17 -8 -22 -41 -14 -17 28 0 49 -29 -50 0 -39 -18 0 -17 36 47 23 3 -28 6 26],38
[30 50 0 0 7 -28 -23 -48 -50 24 -3 25 19 -29 -31 -12 0 -39 36 2 45 36 10 45 13 22 19 -25 17 0 -42 15 24 44 19 -17 0 1 -43 -35 50 -17 7],36
[-42 42 -8 3 21 4 -15 37 0 38 -17 -15 14 0 0],14
[46 14 -38 18 -8 -48 -26 -44 50 0 10 43 13 -23 14 -37 -29 0 -50 -14 23 48 0 -37 -47 -42 -21 -26 24 6 -31 13],22
[39 27 47 -39 -16 0 0 -33 -1 -8 15 -40 -9 -10 27 -17 7 -20 -45 -4 -50 0 44 0 36 -49],23
[0 0 0 0 -33 0 -20 -17],5
[0 -36 -44 43 0 3 -30 0 11 0 50 40 0 0],13
[-25 -2 11 13 0 -29 42 38 0 -41 -28 36 -45 -9 -25 7 -26 34 21 -10 33 -20 1 -22 -35 0 -22 -27 25 -29 -20],25
[1 -12 25 -37 -27 21 13 33 -41 0 -45 0 1 -14 -16 -13 35 -7 -21 40 0 -33 28 -28 0 6 9 -10 -15 -14 12 -12 -36 43 46 4 -27 -29 0 0],39
[33 -15 0 0 30 35 -30 -33 8],3
[-17 -9 17 0 -20 -25 49 -17 0 36 -5 42 -28 -31 -32 -6 27],8
[-36 25 16 -16 24 17 -15 -8 -18 6 -32 0 -33 -48 32 40 19 14 50 27 0 3 16 11 34 -21 42 23 24 12 32 6 13 -34 0 22 -48 47],34
[26 23 0 -18 -38 9 47 43 -24 4 3 4 26 6 32 2 0 -21 -27 -24 6 -32 -29 0 -15 3 4 33 0 -42 41 0],31
[48 -46 49 -44 42 40 30 -1 0 -10 -26 0 -5 -14 -22],11
[49 1 3 0 -18 18 41 -35 -50 42 -29 -49 0 -47 -21 -43 33],12
[-17 9 3 2 -10 47 15 -3 0 0 -17 7 -40 -16 0 15 43 0 38 0 0],20
[-33 48 -39 -27 47 37 -7 5 -11 -18 -24 0 -8 3 16 0 -32 49 -20 32 -4 -34 44 -15 7 -36 0 23 12],26
[34 39 37 34 0 -1 -25 -46 -20 20 -26 0 28 16 21 -25 0 34 43 4 15 -8 0 -46 -10 -44 8],22
[-50 15 10 -23 -47 -47 -21 6 -29 -42 0],10
[0 33 -10 0 22 0 44 10 -15 -31 0 -49 37 12 -17 0 -36 38 9 -3 0],20
[0 0 0 0 -44 2 36 -46 0 0],9
[0 -49 -34 -31 33 38 26 -46 39 -33 -42 0 -46 -15 -37 -15 14 49 13 -41 32 11 -33 -19 20 -35 33],11
[0 -15 0 10 0 0 0 12 -26 4 19 -25 -38 -1 0 31],14
[-31 -37 -14 -40 18 35 28 44 0 45 0 10 -32 -12 -31 -16 33 -26 -32 -38 -35 -16 -2 -50 -30 23 4 0 -3 18 0 0 21 0 50 -38 34 -3 -17 37],33
[-39 15 -4 21 32 -48 29 0 -5 -37 26 11 29 -7 -46 30 0 -45 9 43 0 0 -48 48 11 -49 -16 0 32 -3 15 48 -35 0 -40 -10],33
[46 24 -13 0 -30 3 -32 -36 -28 0 0 -7 0 -44 -50 9 -35 0 -45 -45 1 0 -12 -44 -8 -2 -20 -50 -17 -7 -18 -48],21
[36 15 0 12],2
[0 34 24 -26 14 28 9 -27 42 0 -50 27 26 19 -20 -27 -3 17 0],18
[-46 25 -27 26 42 -11 -29 5 22 30 31 -12 -28 20 32 26 -23 1 -41 -16 39 45 44 1 11 11 -28 0 -11 -18 -32 35 -44 37 -14 7 -27 39 3 7 -2 15 2],27
[0 -22 0 -8 22 0 0 0 0 47 -22],8
[50 32 0 37 50 -50 -29 20 -15 36 -27 -4 -43 42 7 -40 0 -40 9 19 44 2 -38 -23 -29 49 6 1 20 16 0],30
[4 -3 -1 0 33 -9 38 -50 -18 -26 -31 19 7 -35 -10 19 -15 -13 0 31 16 6 25 -27 -4 17 33 -12 0 -25 -5 -11 0 0 8 -40 11 42 -33 -6 21 49 44 -11],33
[-42 -45 -14 14 0 -42 -48 49 -48 0 -45 49 10 -1 -7 8 -2 -17 30 -41 -12 -21 22 35 19 -7 -49 0 41 -5 26 0 -25 23 -37 0 -37 -13 -35 19 29],35
[-50 9 22 12 -36 -45 42 -7 -35 39 13 -33 11 -37 1 -35 -24 -18 -35 16 -43 28 0 -10 -5 -30 14 0 36 0 13 0 0],32
[29 9 0 -34 -9 0 12 -1 0 27 -28 -37 0 -40 44 16 -10 33 -50 50 -16 37 36 -47 -6 -28 -23 -25 35 50 0 -8 -33 -50 2 22 0],36
[43 -38 43 -13 0 38 50 0 -36 17 -15 23 31 26 0 32 0 8 -28 0 0 -50 -19 33 -27],20
[-14 32 -18 -41 0 26 -34 -29],4
[44 -9 -4 42 43 45 -27 39 -11 0 -47 47],9
[30 6 1 -42 -46 0 0 -43 -46 41 0 20],10
[0 0 0 0 0 0],5
[-44 -2 -8 0 -2 -23 44 -5 0 16 -48 32 0 -11 19 0 -14 -14 37 37 0 11 46 0 -3 -38 6 26 40 -27 -28 -26],23
[-2 10 -6 10 0 47 9 -22 0 36 -28 -13 -17 34 25 15 -3 4 20 30 -5 47 -2 -24 50 -27 -3 15 2 19 34 -16 0 -43 28 -29 -37 -1 45 -27 -44 -42 24 0 20 -48 -43],43
[-46 0],1
[24 0 -33 -34 -5 41 -26 -25 47 -49 45 32 44 13 -32],1
[-42 -26 0 -34 44 -29 0 43 -36 15 28 11 15 42 50 0 -28 -45 15 0 -29 -33 8 -8 -49 -28 49 -12 16 28 6 -40 43 -25 0 26 34 -31 50 -47 37],34
[-27 -41 -31 10 23 -3 -26 10 -35 -34 -24 -3 38 -41 39 -41 19 -35 -22 -18 3 -47 2 38 4 32 -39 40 6 30 -6 7 27 12 13 31 -31 20 9 0 4 38 -32],39
[0 -25 -23 -7 -22 -11 -28 -30 -6 -43 -15 7 -23 10 0 -29 -39 4 6 9 1 -34 -35 50 0 0 37 -31 0 -31 7 31 15 36 -33 -1 32 45 -13 0 37 20 -44 -17 -4],39
[0 20 -31 0 -1 -23 -17 -36 0 8 16 26 10 -25 -47 -11 8 -3 0 31 3 -39 -29 0 -45 20 33 0 47 -46 -36 0 8 30 -24 -35],31
[0 0 -36 0],3
[-3 31 -46 -9 -18 24 48 10 35 -8 40 9 -48 -31 38 43 -24 -5 2 0 19 -2 -12 4 0 17],24
[11 19 41 -27 14 -29 -15 -22 -7 -50 24 -2 40 -50 0 6 -6 31 0 29 0 -31 -27 3 -42 43 -38 -10 -19 -25 0 -28 2 22 -37 -5 -6 38 9],30
[27 28 -45 -15 -10 47 -35 -36 -32 23 7 -33 31 0 0 24 0 -37 -17 -42 20 31 33 42 -13 5 22],16
[30 26 0 -14 46 -41 -25 -8 0 25 10 33 38 -24 25 8 -15 4 -14 -38],8
[46 -26 14 0 16 -33 -47 -7 -10 6 -43 -39 -36 -30 -40],3
[28 41 -49 50 0 0 0 -25 46 0 0 24 0 -27 41 -39],12
[0 -26 26 -32 15 -49 -10 8 4 -48 10 32 22 -33 27 -34 -11 0 0 28 24 -40 35 -31 33 -50 -35 -45 0 -22 0 15 -18 30 -37 -41 0 0 -48 0 -49],39
[-39 48 41 -12 -46 -21 -26 -24 4 36 15 -44 -11 44 -49 -20 0 -1 6 -32 -9 3 -36 -5 -33 3 34 -50 42 0 31 -49 19 17 35 9 16 -23 -49 0 41 35 -35 31 17 -33],39
[12 27 -26 0 -34 0 -7 12 1 0 0 0 -29 12 0 -11 2 -31 -39],14
[-22 -15 -31 -37 23 -35 0 38 12 -49 0 -14 5 -19 1 28 -36 46 -16 9 49 0 0 0],23
[-39 48 -37 0 -23 15 33 0 1 24 0 0 -13 -8 -8 0 8 37 -39 -7 16 0 50 -28 5 42 7 -24 -38],21
[0 -14 20 -9 -50 -37 -4 10 -1 40 -41 1 -28 -47 46 33 14 33 46 -12 49],0
[0 0 41 0 -31 16 21],3
[0 17 -48 0 0 0],5
[0 -39 -10 -33 -10 3 -17 30 -2 0 -32 43 0 31 -45 9 -13 -29 -46 -50 0 32 23 1 -46 -39 0 0 -37 42],27
[-38 1 -36 34 3 41 13 -41 -40 49 31 -9 33 -41 -45 10 -7 1 2 49 0 -37 -26 25 -35 37 0 -16 -37 -6 -38 50 26 19 9 -26 -27 -10 5 -44 43 45 -44 -23 45 -32],26
[-12 -30 0 0 -6 -9],3
[29 -40 11 46 5 29 43 50 -13 38 -33 0 -1 44 18 5 -13 -18 -16 1 33],11
[0 0 0 0 -44 28 -30 0 15 0 -33],9
[32 -29 -30 -22 -10 17 41 -20 -7 0 -11 40 19 0 -9 22 -22 36 -17 -21 35 -12 29 -1 0 6 18 29 -39 12 -13 -29 17 46 -18 22 -50 0 39 -25 22 0 40 7 40 31 -40 -26 17],41
[0 7 0 -45 -3 -41 -3 41 32 39 0 -32 47 0 -19 0 33 33 -4 33 13 -28 -35],15
[-33 -17 28 0 -18 0 -12 -41 29 34 0 32 46 0 0 0 25 34],15
[-11 0 -9 46 6 -50 26 23 0 19 -16 -13 49 30 2 -49 48 22 0 2 -35 13 13 4 24 -41 47 -3 32 -8 0 24 48 25 0 -35 -33 -33 1 -4],34
[-47 42 -5 -13 -12 -10 34 2 0 26 -24 -2 39 -12 -14 1 -7 -2 1 24 38 -29 25 11 46 32 35 49 -50 2 17 -40 40 -43 50 -48 -31 -39 41 41 43],8
[-6 -27 26 -38 -40 -6 42 -37 19 6 4 -19 20 24 0 43 -2 28 -1 34 0 40 -37 -45 0 -24 -42 37 3 -18 23 -47 -2 -9 -2 25 -8 11 -50 35 -30],24
[45 12 0 0 30 0 42 31 -25 8 -39 -44 0 -22 16 0 -34 -30 -21 17 -46 20 -6 41 0 39 20 4 41 42 -12 48],24
[-36 -47 -34 24 -26 -10 -16 -46 8 0 -29 0 -6 41 -4 0 -16 19 -2 40 -39 -28 -30 -19 -39 37 3 32 -49 0 -21 -7 -23 -40 -31 -3 -11 0 4 40],37
[19 -41 0 0 -12 -2 43 20 -32 -44 11 9 0 -37 30 -48 30],12
[-7 18 -46 20 -9 9 20 49 24 -38 31 8 35 32 -36 -8 33 0 -42 -17 39 -22 -12 -37 25 -6 -23 43 -11 38 -25 -31 -19 48 47],17
[2 24 47 33 11 32 -19 22 -15 12 48 -8 44 -14 -39 37 47 -30 15 37 3 -23 22 41 0 43 25 -34 45 9],24
[0 49 20 -2 40 24 0 5 -18 0 -29 -17 43 0 -8 0 1 0 34 -42 44],17
[-9 33 0 49 27 -50 29],2
[3 34 17 0 41 46 2 3 20 -21 -23 -31 10 6],3
[40 -7 40 -42 -3 9 0 32 0 38 3 0 40 12 -45 0 -40 0 0 -21 -40],18
[-30 -4 29 -8 -48 7 -2 1 6 -19 0 30 -24 37 0 -45],14
[-50 44 48 0 -14 6 -45 19 -42 11 39 24 0 -11 25 -32 49 50 -25 0 48 0 -9 6 17 -42 44 23 49],21
[-3 45 -31 -50 -38 -34 19 49 33 -40 0 -46 -7 -14 -46 0 11 -22 15 -31 21 -28 -10 -27 35 0 -34 7 3 -1 -24 -21 0 -9 -36],32
[-47 2 0 -20 24 47 -1 3 -12 -16 13 25 -32 -37 6 -44 -15 -1 -40 -33 2 9 43],2
[-18 7 -11 7 42 -44 -37 16 -31 -2 -23 -39 33 -8 0 -13 5 0 -5 44 -29 -39 0 -23 39 39 -45 23 28 4 10 20 -25 15 5 18 -10 -23 4 7 -30 14 -43 16],22
[-45 41 24 8 -38 21 15 12 13 -7 5 -3 -47 0 0 47 37 25 5 2 -9 -43 -36 -37 0 26 -47 3 50 0 50 7 24 0 -35 -33 -26 49 -21 0 21 -17 46],39
[-25 -50 -35 -47 0 0 -7 0 0 12 19 -10 18 0],13
[0 -38 48 -47 0 43 -24 8 9 -15 -13 -26 31 -23 1 0 -50 -3 1 -27 2 40 -23 -12 42 0 49 22 -2 -49 25 0 -23 -6 11 -16 30 25],31
[-25 -22 0 0 5 0 -35 -38 42 0],9
[10 49 -36 -39 -5 -48 -3 -13 -47 0 50 34 -19],9
[41 -13 -10 -1 -10 -11 0 -14 6],6
[-8 0 -31 0 19 -8 19 0 -6 -47 27 -11 -9 0 0 15 12 0 -12],17
[30 -32 0 -14 41 22 -8 -6 0 -1 0 0 49 0 -45 -8 26 -28 -15 32 -27 0 36 -38 -9 -3 20 13 12],21
[9 0 0 0 -39 -8 -8 43 0 10 0],10
[14 -24 -4 47 -37 -42 14 8 34 -28 -22 40 -20 9 5 0 -21 -3 -28 30 33 11 0 33 10 31 -18 0 47 0 38 -44 -25 -49 6 -39 -15 -6 -43 44 27 24 -25 19 15 28 -41 24],29
[-5 38 0 -12 43 -44 23 47 -41 15 0 -9 -42 0 6 -27 -10 0 30 -9 -5 30 2 -16 3 49 10 4 0 7 -45 20 20 1 46 28 -28 13 -47 -20 -23 -47 15 7 0 35 17],44
[34 -45 35 22 -41 42 42 0 9 -22 27 -28 -14 0 -9 -13 -15 0 0 -30],18
[33 -16 21 -34 33 29 -11 -20 49 0 -35 45 -27 -15 -27 23 -7 -14 -3 -36 14 -50 7 -38 46 -4 -48 12 49 32 13 -29],9
[0 48 0],2
[27 -26 0 48 -5 0 -6 -15 28 -8 2 0 10 5 -30],11
[6 -23 46 0 35 -23 0 45 23 25 -4 47 3 40 0 -27 -4 44 -48 -29 -45 16 42 18 46 0 -38 -8 -31 0 -42 -39 47 -19 37 42],29
[11 29 -22 -10 -2 2 -35 22 -3 39 -33 32 30 -32 -35 -33 -45 29 26 -49 0 18 -17 43 27 20 0 49 2 23 -24 0 -37 -37 17 -12 -8 -22 28 -44 -29 36 -45 19 -24 21],31
[-30 -12 24 32 -37 -9 -24 7 -31 -35 -31 -45 25 -24 42 7 -45 50 48 -28 -27 46 -31 -9 -49 21 11 0 -40 0 -23 18 43 16 4 10 -30 36 0 -42 -8 -48 5],38
[-44 0 0 0 0],4
[-1 -8 46 -7 -14 -19 16 28 -28 4 -9 24 -4 10 -1 -40 19 -34 0 -10 -18 -30 -45],18
[-50 -28 48 -12 -13 9 -43 -7 -47 -24 -25 -33 -38 34 0 29 35 18 -38 -8 -21 20 -7 3 -10],14
[-38 -47 0 0 -2 47 0 -31 8 14 -49 40 -36 0 3 -29 3 -35 -17 -8 -38 -44 -21 -39 6 40],13
[1 0 -44 16 -16 6 -31 -27 0 5 -25 -15 -7 -31 3 -46 47 0 -9 17 -33 37 0 26 -26 19 19 -11 0 -16 -22 0 34],31
[-5 18 -6 0 -50 0 0 0 -41 -36 13 46 0 0],13
[-34 0 -11 8 0 -44 34 0 28 -34 0 31 -25],10
[7 -18 -45 -30 34 30 3 -1 -45 2 18 -27 -26 5 28 0 -7 -25 -24 47 -17 13 -3 44 39 -34 -19 32 24 36 -12 38 24 1],15
[48 9 -17 -31 -46 -28 38 44 0 0 9 0 -48 -32 13 45 31 -45 -23 -45 -40 -5 -11 31 15 0 -20],25
[-28 27 33 -25 38 0 21 -9 0 -21 0 0 -48 -17 -32 10 -11 -26 -48 46 33 19 1 0 -29 4 0 -33 31 -5],26
[26 42 0 -19 33 -11 -10 -43 6 -43 31 -41 -49 35 1 -17 -47 4 28 4 0 -44 25 -12 33 37 0 33 -6 0 -37 5 -14 45 17 15 -38 -39 16],29
[1 46 -12 29 0 27 40 39 32 -44 0 15],10
[23 26 12 -32 16 -25 0 0 0 -12 23],8
[33 -11 29 -29 0 33 27 -2 -20 20 22 43 25 0 37 -39 -45 -34 -23 32 -13 41 0 22 -22 -14 -2 -15 -26 37 9 14 0 11 -25 -18 -44 -39],32
[0 -24 34 2 -43 24 -12 0 -4 -17 50 -2 0 8 32 -8 33 -39 -48 -17 49 -18 47 23 -6 12 18 -36 5 -5 12 4 -25 29 33 0 -8 0 -5 12],37
[-14 0 1 -19 13 25 -5 2 -14 0 -39 -37 50 -47 25 -11 -45 -42 9 42 2 21 45 -30 7 -19 -38 0 -37 0 -26],29
[48 44 -41 -13 -48 22 22 33 -43 26 0 -24 25],10
[11 -25 50 1 1 -10 -34 -23 -43 0 27 -47 -37 2 0 -28 -1 -15],14
[43 -20 29 -37 19 20 1 -47 16 47 -16 40 20 24 2 49 19 23 38 -4 0 -40 11 -8 39 -50 -40 40 4 46 5 21 23 -38 0 -38 -39],34
[-44 36 0 -30 49 -15 -22 19 0 7 -24],8
[8 -2 38 0 -30 -20 3 47 -48 -33 25 50 -3 30 -6 -39 25 11 -18 46 36 20 -11 21],3
[22 -25 -24 -23 45 -49 44 -36 0 -2 0 37 0 43 -17 12 -38 11 -13 24 0 35 43 -41 12 -16 0 25 -35 32 15 -28 43 33 11 22 29],26
[17 17 38 37 19 18 -5 47 0 43 41 -7 8 -12 46 7 41 -21 -46 40 -47 3 13 -35 -11 -23 -21 -1 30 -10 43],8
[19 -3 20 -6 -41 -50 30 9 47 -43 8 -8 -36 -30 10 11 -19 -30 -45 44 13 -45 0 -22 -39 -1 11 -7 -28 -26 35 22 -3 6 1 -21 -47 15],22
[0 0 0 0 0 0],5
[27 11 -12 -8 44 0 -31 0 17 -13 22 0 -50 39 18 30 37 -35 18 -8 -42 23 31 -2 7 34 0 -10 0 49 -44 35 5 2 21 9 37 -19 -33 0 24 30 -24 -13 18 -30 0],46
[0 2 -20 -33 -34 0 30 28 20 23 25 -37 -39 -3 -50 20 30 -24 42 -35 0 21 7 40 31 -22 9 -30 37 0 -29 -42 19 0 29 28 -16 -33 -1 50],33
[-43 0 0 0 37 -42 37 -14 5 0 0 31],10
[-47 0 16 -33 -4 32 2 -41 0 6 17 22 41 0 -43 -8 12 10 0 -20 10 0 8 22 -48 0 5 -10],25
[23 42 0 -26 -36 26 -35 27 12 -32 -20 -48 4 35 -33 0 -13 -32 -17 39 33 6 11 39 -1 -18 3 -12 -41 12 -39 -13 7 49 -2 -40 29 -40 0 3 -25],38
[0 24 -15 0 26 -22 0 0 47 -26 27 30 -18 9 -3 35 -7 -15 32 0 -43 43 42 3 0 16],24
[40 -45 39 -50 11 0 16 0 16 30 7 -23 12 0 0 45 30 6],14
[-43 0 -19 15 -30 24 1 -2 49 -37 -3 -38 0 -50 -19 -17 17 22 23 13 23 -14 -33 -36 -38 -39 -14 0 -8 -44 -43 -30 -17 -34 -25 2 0 14 37 36 21],36
[25 0 16 -18 0 0 0 -50 0 22 -21 47],8
[0 -37 0 26 -47 -31 -6 0 -25 43 26 -43 50 30 -35 -7 -38 -21],7
[0 0 23 0 34 -36 0 0 43 0],9
[-47 -43 -5 12 -25 0 12 26 -49 6 -20 0 -33 -1 32 10 5 -4 27 -15 -49 -33 -22 0 -17 0 0 20 37 34 -33 -16 -13 -28 -38 13 17],26
[26 44 25 -34 50 43 16 27 33 22 -9 -30 9 -31 -30 -6 -19 -48 10 30 33 -31 -25 -1 -28 -33 29 24 7 -3 34 44 10 29 -21 3 -34 0 19 -23],37
[-44 -17 28 47 -12 -17 20 50 46 33 -47 -5 9 2 -44 31 -31 -35 50 48 11 0 0 -35 -34 -3 48 0 0 13 33 46],28
[14 -1 -34 3 0 -6 22 -11 25 7 -22 36 -35 -43 -17 19 -20 40 -46 41 25 11 -12 18 15 -40 0 0 32 -35 0 -23 17 43 13 11 -36 0],37
[25 0 32 22 42 24 25 8 -45 30 7 0 -9 -15 21 3 0 -46 -10 -50 -10 -20 15 -21],16
[23 -26 41 -6 19 -24 4 37 33 47 13 -20 -45 0 -22 18 0 21 34 -32 0 -30 -8 25 42 -37 0 0 23 15 7 27 -42 32 -28 32 0 -13 -34 18 17 11 31 -47 -38 -1 -42 -5],36
[0 -32 -43 -48 14 0 21 0 0 -36 37 22 -5 22 0 -47 14 -35 23 0 46 -3 -24],19
[-25 -42 -23 37 -4 21 49 0 -38 -39 -26 -45 0 -29 32 13 3 12 11 37 32 0 -34 0 -9 2 32 11 37 -50 -21 26 33 32 -26 -50 -5 0 1 -37 50 24 8 -3 -32 -18 -17],37
[2 -15 -37 26 -15 -15 -43 34 23 46 49 -15 40 0 15 49 25 4 0 46 0 -10 -38 39 0 -36 -46 12 24 0 -6 22 -17],29
[0 -31 34 -21 23 -43 -42 -40 16 -5 27 -45 40 9 5 48 -17 42 -29 -33 -15 12 -13 -37 -19 18 -3 5],0
[30 50 5 -14 0 37 18 -17 -46 0 -2 -23 0 0 -30 38 0 39 -20 -50 -44 15 -35 -4 33 13 34],16
[-39 47 3 0 -17 46 43 0 -36 -20 -6 1 9 -6 -17 0 32 34 -23 32 -45 -14 -40 0 -28 -1 3 -20 -16 -24 18 10 -15 -15 0 -34 2 1 4 12 45],34
[2 -33 -43 23 -42 -14 -8 37 44 -42 0 -46 -6 0 -5 -5 0 -43 -10 -21 3 -20 -33 11 -6 -49 28 12 46 -14 16 1 0 0 24 42],33
[0 -24 4 -45 -45 -37 27 -24 26 -26 8 -28 -30 40 -41 41 -7 -28 -8 2 -13 -42 8 -43 44 15 27 32 -28 -36 0],30
[-30 7 0 -45 10 28 8 -44 -14 -35 0 0 -31 -20 -50 -43 -2],11
[0 0 0 0 0 10],4
[39 -17 0 -18 20 37 26 13 1 0 -27 35 41 -42 41 48 -50 0],17
[11 -12 -31 -28 -12 14 -24 9 0 -14 20 30 -33 -47 20 -19 -6 0 0 -40 32 -42 30 15 -42 24 0 -9 -34 -13 -46 47 28],26
[-19 0 -28 -48 -48 -42 36 13 36 49],1
[0 -30 34 -6 -44 0 -30 33 -18 22 41 2 35 0 0 -37 -49 15 0 0],19
[-38 31 6 -37 -2 30 -5 0 -38 -46 -25 36 -12 8 29 -47 -34 -21 -8 -22 0 -21 -46 -27 0 -22 0 6 17 -8 -27 -22 45 -4 26 -48 37 -50],26
[16 34 42 -41 0 -40 -16 33 9 -39 50 38 -22 25 -33 33 37 36 20 -20 -22 0 0 -42 25],22
[13 5 0 28 17 13 0 -10 -36 30 -27 0 11 -32 36],11
[-27 -43 0 40 17 20 35 -35 29 19 20 39 -31 42 -6 -3 -10 9 -22 -33 40 30 39 37 36 -17 -18 -35 -41 -19],2
[0 29 -17 44 -38 9 0 19 0 0 42 3 4 0 40 0 -40],15
[11 -15 0 -20 0 33 36 36 -16 0 43],9
[0 -33 13 0 24 0 30 33 0 0 -31],9
[49 -30 -32 -32 -50 36 20 -14 29 5 0 -17 0 43 0 -23],14
[-28 0 -10 -22 -48 0 -40 -35 8 -13 -49 -34 -14 -8 0 -18 -12 -7 -14 -28 -9 -36 -16 24 24 0 0 -6 0 -49 -29 -25],28
[9 0 0 -26 32 20 18 39 -49 -47 -4 38 -15 -23 0 -3 -5 0 20 -19 -40 28],17
[41 -33 39 -9 -26 2 -40 0 0 0 -22 0 1 19 1 0 -37 29 -32 11 21 1 -33 35],15
[-46 -22 22 -50 0 0 35 0 -27 0 -1 17 41 -41],9
[-24 8 0 -48 -50 -11 2 0 0 -36 -14 15 -34 8 8 -10 -44 0 7 5 -21],17
[-10 -22 31 -10 44 45 50 0 25 9 -37 -9 0 33 27 20 32 14 -39 -26],12
[43 -1 16 -3 30 19 0 29 16 -18 7 0 11 0 -35 -1 0 -11 -9 0],19
[-1 0 -12 1 28 34 -34],1
[19 -16 -12 0 -36 -7 20 16 -33 14 -14 25 -47 -11 35 5 4 40 9 4 -40 15 -16 31 0 -11 42 -30 22 -17 39 -48 -49 -25 2 -38 9 30 2 23 -35 0],41
[0 -28 -27 0 16 0 -48 1 -42 34 -38 -34 10 34 -41 -32 43 22 -10 0 34 -20 49 -18 38 23 0 -18 -37 40 -12 -38],26
[46 39 42 1 -27 -26 -47 -11 -20 0 -34 -5 0 49 0 27 -41 -31 -43 24 5 -1 20 -1 16 -4 -29 -20 -12 49 12 -32 47 -38 -42 -32 -23 -45],14
[-37 34 48 -8 28 4 -22 -24 -38 -8 -35 -32 -35 6 -23 0 0 49 -16 0 7 -26 0 11 22 -43 5 34 -25 28 -44 27 -22 22 -4 12 0 -48 30 34 0 -49 -37],40
[0 23 2 0 0 0 0 -14],6
[0 0 0],2
[-30 -43 0 -28 -39 -46 9 -48 -49 37 -2 -13 -12 -3 -18 -7 -7 0 0 30 24 18 -14 -41 40],18
[0 -34 -27 0 8 44 -17 -32 22 -11 -2 -35 -13 0 44 33 -32],13
[-20 39 3 -19 0 0 33 0 36 -8 -16 -31 -22 47 -43 0 -50 -15 -48 -16 -21 0 1 -19 26 -35 46 -6 -33 -18 0 -6 0 -24 -12 -6 34 -10],32
[0 14 0 0 0 0 0],6
[0 0 16 0 -10 0 -9 0 23 -23 4 -39 13 -26 -10],7
[18 0 -48 -33 0],4
[-50 -28 0 -40 0 -10],4
[-45 0 14 38 12 -5 43 31 -6 17 -11 -19 0 15 -22 -41 -46 35 -28 0 -22 -2 -3 19 47 -1 0 8 16 -18 -33 -8 -12 -36 7 10],26
[-18 7 -20 -10 -6 -28 24 -42 13 -27 16 26 -5 -40 -33 -5 -33 9 -21 46 -20 3 -23 10 45 19 19 -45 -22 46 0 42 0 -5 -35 -46 -2 42 -25 -25],32
[-45 21 7 34 45 16 -25 0 -23 0 38 -1 -22 -25 -38],9
[49 -32 -47 -17 -44 31 5 49 44 -48 13 50 45 9 -45 42 -2 0 23 -25 -41 -32 49 0 28 -34 -25 18 24 11 -19 -1 -11 -6 33 40 17 -46 -37 -11 -7],23
[-45 7 -25 -26 0 0 41 32 -24 -37 -12 32 18 -2 13 -37 6 -27],5
[16 0 7 -15 -45 -41 25 3 -49 -14 0 -37 7 7],10
[20 45 -22 27 -25 -7 -49 0 0 -9 -45 -38],8
[3 -44 46 -11 31 0 -42 -18 -25 -1 -13 41 -46 -1 9 16 28 20 4 -2 7 21 -36 -6 -28 47 16 17 -47 -21 13 33 -1 -12 41 -21 43 8 -35 -42 42],5
[-4 48 37 32 0 -11 -50 -9 11 32 0 19 4 -25 -36 -31 36 -32 0 0 30 -1 27 -46 15 0 23 31 28 -36 30 1 3 20 0 -50 19 29 -43 -1 44 -1 -11 3 -43 8],34
[-41 21 -38 -34 43 -39 0 26 -11 0 -21 -41 -21 0 0 -26 -24 -40 39 0 -21 19 16 -38 44 18 -29 -9 -14],19
[0 -26 -11 -33 18 17 47 -11 -24 -12 -1 -18 -23 -16 21 -36 2 0 -31 1 0],20
[1 -29 0 -27 50 -8 10 -17 43 7 32 -8 46 47 50 -31 -33 -49 5 -13 -45 33 9 -23 0 -14 -2 43 -26 29],24
[13 0 -2 0 0 33 0 -6 0 29 0],10
[45 0 -25 13 18 -14 5 10 0 33 -37 0 -8 3 -11 -24 -29 -12 -7 0 0 -37 -6 -4 -32 35 27 15],20
[0 -21 -26 15 18 16 28 22 -25 -42 7 26 29 -22 -36 -5 -15 -22 15 49 -23 -22 48 -24 21],0
[0 -41 -4 13 -38 44 -36 -33 0 -38 25 -41 13 6 41 -20 38 0 -47 44 24 -37 -19 35 20 39 15 -35 14 -5 21 -1 19 36 -15 13 -27 16 7 33 -12 10],17
[0 -20 -44 4 -47 -10 0 -2 26 3 21 14 22 23 45 0 4 14 20 37 -28 0 0 33 -44 22 37 -24 -4 -12 37 12],22
[-1 34 18 12 -2 24 -41 -3 0 29 3 -5 35 9],8
[0 0 0 0 0 0],5
[43 -37 0 -24 -50 47 16 -47 2 -33 -10 0 -15 -24 48 -17 6 -44 -48 -4 0 -43 0 39 -6 -37 -16 16 29 -43 29 0 15 4 27 -39 39 0 -14 41 -22 -42],37
[0 0 0 -26 0 -46 9 0 -46],7
[22 28 -15 -8 8 -49 10 12 10 -43 -26 48 0 -3 13 -12 -13 -22 34 47 0 0 -37 -45 -14 16 0 14 5 -49 0 37 28 7 11 -20 8 49 29 48 -44 -30 34 -1 7 -23],30
[10 -17 29 36 50 -31 25 7 -20 -28 -38 31 41 16 36 8 -49 -8 -15 3 14 0 -10 -17 49 -31 -23 20 -12 -46 0 -4 -32 -28 0 -30 22 -40 -23 35],34
[13 0 13 -2 1 48 -25 -31 -16 2 -29 -11 -48 1 19 46 0 10 -33 13 26 0 16 0 16 0],25
[20 0 0 0 0 0],5
[34 48 30 31 17 31 -27 1 -39 28 13 19 -6 -21 18 12 7 47 0 -6 -47 19 26 -26 -27 50 26 28 0 34 -6 -28 -4 41 -23 -35 -27 43 0],38
[-20 0 -34 -1 32],1
[0 -15 50 42 -41 19 32 29 -2 42 2 -27 12 49 0 -5 4],14
[25 13 26 46 0 0 -29 -21 -3 -37 30 3 50 -48 43 -30 -4 37 -4 7 -38 33 26 0 -18 5 0 -7 -31 26 20],26
[-37 22 0 -18 35 -27 33 13 -22 0 -11 11 -44 47 -40 35 -10 4 1 34 -27 7 -42 -33 -46 -44 22 25 0 9 -1 15 -16 -43 -4 -7 29 -29 0 0 0 -38 -20 -38 50 -45 -29],40
[0 21 -27 0 -20 50 -14 -10 28 31 0 46 -14],10
[34 -40 -31 10 0 8 38 -10 -38 -42 0 -20 -13 -2 -20 34 -46 2 -31 22 -35 -50 34 -42 -31 -34 7 -24 -41 47 -48 -11 -30 28 -23 -5 18 -5 -1 -34 28 25 -18],10
[-3 -41 -31 0 41 28 5 30 -15 22 -45 26 -30 -18 0 -44 27 8 -20 19 -30 -26 -36 -40 37 -6 0 29 -15 29 -13 -11 26 27 -37],26
[0 -41 48 39 32 -1 -4 -12 42 0 -20 -42 50 -26 31 -9 -7 15 -19 21 -49 -16 37 -43 -17 -45 2],9
[0 31 -35 50 37 -33 -14 -37 12 -20 17 -42 50 -45 35 -35 27 16 42 2 11 -18],0
[33 32 50 45 -38 -26 -30 40 -3 -21 -14 -14 -10 -25 -9 -45 0 -22 4 17 18 30 -9 -8 4 -33 31 0 0 -10 9 29 21],28
[-3 7 21 -29 -38 0 -20 43 34 2 -11 -37 33 29 -37 13 -25 -16 -45 25 -34 -35 32 0 46 0 17 -6 0 11 32 2 -16 -17 -3 17 0 -43],36
[40 -18 -8 -38 22 26 36 -45 27 10 -50 7 -8 10 -17 25 -11 -33 -30 -38 13 32 0 -10 31 -32 -41 0 -23 18 -6 -3 26 20 10 29 46 6 0],38
[-35 -35 -46 39 48 25 48 0 0 -32 -42 31 21],8
[-43 37 41 -6 -1 -13 26 -45 -5 0 -3 -43 37 -35 17 -40 38 15 10 -12 -8 -12 -1 -29 0 0 -44 44 -6 -44 -41 2 0 -35 38 -34 0 0 36 -44 -39 -45 -15],37
[14 -47 25 17 46 0 14 7 -42 -13 -29 15 -31 35 0 -20 0 0 0 -36 46],18
[0 0 0 0 0],4
[-46 12 -6 -45 -28 28 10 26 34 -6 24 0 -2 39 -30 -29 -21 48],11
[-1 -12 -26 0 -48 -37 17 0 42 24 -46 2 17 -9 12 -7 33 -35 -46 -47 24 37 28 0 26 4 10 45 -40 0 -37],29
[37 -9 -20 26 38 0 49 0 -41 0 -40 0 10],11
